id,experience_years,python_skill_score,ml_skill_score,projects_completed,education_level,github_activity,communication_score,certifications,success_label
1,6,58,53,4,4,243,42,5,0
2,3,70,97,19,1,2,98,5,1
3,10,55,72,17,4,124,97,4,1
4,7,53,93,14,1,267,82,1,1
5,4,92,47,17,1,83,46,3,0
6,6,87,81,1,3,15,100,1,0
7,9,44,95,9,2,333,88,1,1
8,2,80,65,12,2,463,96,5,1
9,6,65,56,17,2,58,48,2,0
10,10,67,77,14,1,500,92,0,1
11,10,41,88,11,2,176,80,4,0
12,7,89,44,14,3,62,81,3,0
13,4,45,76,12,1,445,52,1,0
14,3,48,98,17,1,490,54,4,1
15,7,72,55,14,1,48,93,1,0
16,7,80,100,10,1,306,44,5,1
17,2,64,75,18,3,245,68,0,1
18,5,87,58,2,2,288,74,5,0
19,4,52,69,6,3,285,66,4,0
20,1,48,90,20,2,442,66,3,1
21,7,92,64,13,3,331,47,1,1
22,5,52,91,13,4,14,71,0,0
23,1,70,81,12,4,337,59,5,1
24,4,80,69,11,4,254,49,4,0
25,0,50,53,8,4,91,52,5,0
26,9,43,42,0,1,278,68,1,0
27,5,73,60,18,1,205,74,1,1
28,8,100,64,10,3,93,100,3,1
29,0,77,41,18,3,224,93,0,0
30,10,85,99,17,4,300,47,2,1
31,10,43,70,11,2,317,68,5,0
32,9,77,59,0,4,462,70,1,0
33,2,58,71,18,3,198,80,4,1
34,6,45,35,19,4,270,69,5,0
35,3,73,49,16,3,499,61,3,0
36,8,57,71,4,4,233,60,3,0
37,2,52,47,2,2,45,51,1,0
38,4,80,42,1,4,63,50,1,0
39,2,62,39,2,2,229,41,1,0
40,6,58,94,7,2,429,89,2,1
41,4,84,35,15,3,439,80,1,0
42,8,50,70,5,2,248,41,5,0
43,6,40,69,12,1,245,73,5,0
44,1,63,100,15,1,427,42,0,1
45,3,93,97,15,1,74,55,4,1
46,8,46,57,2,3,156,90,1,0
47,1,64,43,12,1,222,43,5,0
48,9,60,68,13,3,189,62,5,0
49,8,54,80,7,3,472,96,5,1
50,9,40,38,11,1,51,89,2,0
51,4,51,64,20,2,437,59,4,1
52,1,97,37,7,4,87,64,3,0
53,3,46,48,20,3,312,69,5,0
54,6,54,94,8,1,338,57,1,0
55,7,60,79,0,3,65,81,5,0
56,2,58,68,5,2,149,50,4,0
57,0,99,79,18,2,19,68,3,1
58,3,68,95,10,1,32,56,2,0
59,1,64,50,10,3,327,65,0,0
60,7,72,100,12,4,280,95,1,1
61,3,88,74,10,4,45,96,0,1
62,1,71,51,17,3,72,62,2,0
63,5,88,68,14,3,353,95,4,1
64,5,74,50,0,3,312,91,4,0
65,9,83,94,20,1,342,87,2,1
66,3,77,100,6,2,132,59,5,1
67,5,65,100,12,4,54,84,2,1
68,1,50,47,11,1,60,41,1,0
69,9,74,90,17,3,344,63,3,1
70,1,47,65,18,3,7,70,0,0
71,9,85,68,14,2,271,66,0,1
72,3,53,73,7,3,245,41,4,0
73,7,49,42,18,1,175,96,5,0
74,6,41,89,9,1,492,53,4,0
75,8,85,61,6,2,115,43,1,0
76,7,48,87,17,1,316,88,2,1
77,4,42,73,15,4,270,52,0,0
78,1,60,99,19,1,192,75,1,1
79,4,65,51,5,1,149,74,4,0
80,7,47,64,8,1,130,83,4,0
81,9,87,87,20,4,101,93,0,1
82,8,41,47,12,3,309,94,4,0
83,8,45,55,20,1,269,47,5,0
84,0,67,53,7,2,291,41,4,0
85,8,92,87,15,4,209,45,3,1
86,6,68,53,12,2,494,70,2,0
87,8,65,91,12,1,360,93,4,1
88,7,64,59,16,2,337,49,3,0
89,0,51,65,19,1,66,83,1,0
90,7,44,89,4,4,9,60,4,0
91,7,73,57,20,2,48,81,5,1
92,10,87,66,16,2,486,49,1,1
93,2,76,96,8,1,110,62,4,1
94,0,54,44,1,1,320,42,0,0
95,7,83,88,17,3,218,71,3,1
96,2,75,86,8,1,56,59,3,0
97,2,54,54,5,1,282,49,0,0
98,0,82,66,10,3,458,68,2,0
99,10,87,48,5,1,112,80,5,0
100,4,62,84,5,1,132,91,3,0
101,9,45,62,12,3,70,90,1,0
102,6,85,87,10,4,82,85,5,1
103,9,89,58,13,4,56,73,3,1
104,8,83,56,1,1,375,76,2,0
105,6,98,64,7,1,348,59,1,1
106,8,82,97,2,3,270,100,5,1
107,7,84,38,20,3,482,100,1,1
108,1,60,93,2,4,110,47,0,0
109,0,62,42,0,2,356,46,4,0
110,6,82,46,18,1,374,45,0,0
111,6,94,65,17,2,75,50,5,1
112,7,55,68,16,2,157,83,4,1
113,4,86,83,19,3,19,57,0,1
114,2,92,91,12,1,420,90,4,1
115,7,99,60,2,1,130,81,3,0
116,5,54,52,0,3,328,96,1,0
117,10,64,72,3,2,121,68,4,0
118,2,75,84,12,3,40,64,3,1
119,0,50,42,16,4,166,60,2,0
120,2,90,75,10,1,409,85,0,1
121,4,54,40,1,4,129,42,2,0
122,2,43,78,15,3,22,57,5,0
123,0,60,98,1,1,278,63,3,0
124,4,52,63,18,4,250,86,2,0
125,9,61,62,18,4,468,77,2,1
126,6,58,45,15,2,399,49,3,0
127,6,73,99,18,1,8,66,1,1
128,10,53,53,8,4,12,51,4,0
129,8,100,43,0,4,411,46,5,0
130,9,43,61,9,2,410,56,5,0
131,9,87,68,18,4,306,40,0,1
132,2,92,78,0,4,319,97,4,1
133,6,91,49,1,4,51,89,0,0
134,0,85,85,15,2,208,65,5,1
135,3,66,47,11,4,37,54,4,0
136,3,68,83,7,4,99,90,2,0
137,4,86,90,17,1,192,99,1,1
138,6,67,85,1,1,401,72,2,0
139,6,74,71,12,2,190,76,1,1
140,10,47,51,5,3,50,86,3,0
141,3,55,92,20,1,392,70,0,1
142,6,81,63,5,2,140,74,0,0
143,10,75,67,8,4,167,40,3,0
144,2,69,94,15,4,310,47,4,1
145,5,57,89,10,2,108,51,3,0
146,1,41,44,6,4,206,98,5,0
147,9,88,81,9,4,426,93,3,1
148,8,52,57,9,3,299,96,1,0
149,4,43,55,19,4,109,58,5,0
150,5,65,47,17,1,195,64,3,0
151,3,64,67,19,4,416,96,0,1
152,10,69,58,8,2,151,71,2,0
153,9,50,45,14,3,419,51,1,0
154,6,46,51,3,4,242,52,1,0
155,8,70,81,7,2,127,67,4,0
156,6,83,59,8,1,104,40,2,0
157,0,49,55,12,4,9,90,1,0
158,0,78,46,8,3,355,45,3,0
159,8,52,71,3,4,147,47,1,0
160,10,70,76,16,2,488,43,1,1
161,8,46,51,15,3,364,44,1,0
162,3,95,82,14,4,363,64,4,1
163,8,88,62,2,1,458,61,1,0
164,2,81,75,19,3,139,67,1,1
165,6,100,81,4,1,189,78,4,1
166,5,81,52,4,2,401,62,5,0
167,7,95,47,19,4,93,43,2,1
168,10,75,47,14,1,491,91,5,1
169,8,59,65,17,2,495,43,0,0
170,4,43,36,14,4,228,86,4,0
171,0,93,50,1,2,62,98,4,0
172,2,46,43,12,1,339,60,1,0
173,9,93,72,3,2,24,76,1,0
174,7,40,88,9,3,267,95,0,0
175,10,83,90,12,4,404,80,1,1
176,5,95,79,9,2,280,41,3,1
177,7,84,68,8,1,10,98,1,1
178,8,81,43,7,4,319,46,1,0
179,3,86,42,2,3,200,88,3,0
180,0,98,41,15,4,125,55,0,0
181,0,52,70,13,3,305,56,3,0
182,9,94,52,8,4,189,59,4,0
183,3,61,37,20,2,88,97,3,0
184,6,93,62,10,2,354,62,2,1
185,1,60,78,2,1,115,73,4,0
186,2,61,55,4,3,351,50,1,0
187,0,67,62,9,1,176,73,4,0
188,4,48,88,12,2,13,72,0,0
189,0,65,88,3,3,256,65,0,0
190,7,48,99,12,1,208,41,3,0
191,0,54,55,11,1,280,100,4,0
192,10,49,47,4,1,442,62,1,0
193,0,63,91,9,1,327,80,0,0
194,1,97,83,8,1,324,61,5,1
195,1,96,88,19,3,388,97,1,1
196,5,100,44,6,1,104,73,5,0
197,6,81,87,1,3,482,99,2,1
198,4,47,78,6,1,146,54,5,0
199,0,63,81,7,2,278,49,0,0
200,0,55,87,6,2,8,54,3,0
201,2,88,80,20,1,117,81,2,1
202,1,65,47,13,4,93,68,4,0
203,4,66,71,18,2,433,96,1,1
204,9,76,58,4,3,143,62,0,0
205,5,43,36,17,1,288,98,2,0
206,6,89,48,19,3,385,56,2,1
207,3,63,44,11,4,13,99,0,0
208,6,58,69,16,1,493,48,4,1
209,10,75,59,12,2,256,89,4,1
210,7,99,37,1,3,345,75,3,0
211,10,78,51,12,2,185,48,5,0
212,0,49,46,6,2,344,55,4,0
213,5,64,88,9,1,399,75,3,1
214,7,57,58,5,3,206,87,5,0
215,4,58,63,2,4,345,90,2,0
216,3,75,77,2,2,430,72,0,0
217,1,49,59,17,1,171,94,4,0
218,5,72,94,10,1,463,70,3,1
219,5,94,99,19,4,269,45,2,1
220,10,89,62,4,1,220,49,4,0
221,0,44,50,18,2,151,55,1,0
222,8,86,81,18,1,110,43,2,1
223,10,88,92,14,3,182,93,4,1
224,5,74,61,15,3,398,61,2,1
225,2,83,87,8,2,338,52,0,1
226,3,73,76,3,3,71,55,0,0
227,10,72,93,14,4,417,91,0,1
228,3,94,81,11,1,385,68,5,1
229,2,60,68,2,2,282,45,1,0
230,9,56,71,13,4,73,65,0,0
231,2,61,40,16,1,354,50,1,0
232,2,87,41,18,4,214,63,0,0
233,3,76,59,5,2,496,68,5,0
234,6,54,67,3,2,327,42,2,0
235,3,74,89,6,4,475,91,4,1
236,8,67,92,18,1,22,49,4,1
237,0,46,41,16,3,67,100,0,0
238,7,71,91,15,3,397,99,4,1
239,6,50,46,14,4,446,40,0,0
240,1,49,50,7,2,372,91,0,0
241,7,48,77,18,1,361,82,3,1
242,0,53,41,7,1,92,65,3,0
243,10,52,85,17,2,320,97,3,1
244,8,100,66,15,3,323,51,1,1
245,8,96,42,19,1,383,53,3,1
246,1,64,79,18,4,62,64,0,0
247,6,41,93,9,3,223,47,5,0
248,9,74,38,16,4,224,82,5,0
249,2,46,63,12,3,368,43,2,0
250,6,60,63,12,2,345,67,3,0
251,9,57,62,6,4,336,46,5,0
252,8,42,78,9,4,102,49,3,0
253,3,81,38,1,2,214,90,2,0
254,0,93,43,3,4,191,96,5,0
255,1,100,39,5,3,159,97,0,0
256,0,78,90,17,1,371,75,1,1
257,4,80,84,5,1,206,41,3,0
258,4,88,49,16,2,268,65,5,1
259,10,50,66,13,3,193,92,5,0
260,6,78,62,10,4,379,89,2,1
261,8,63,56,18,4,402,53,0,0
262,8,99,51,1,1,151,97,4,0
263,2,85,93,2,4,236,55,5,0
264,2,58,91,10,1,87,93,1,0
265,2,43,60,5,2,10,82,2,0
266,3,65,59,13,4,186,81,5,0
267,7,77,44,18,3,213,56,5,0
268,5,81,79,15,4,14,85,2,1
269,7,71,45,20,1,265,61,2,0
270,0,78,87,6,2,296,43,3,0
271,7,84,62,7,1,410,58,5,0
272,3,85,99,18,4,443,41,4,1
273,10,75,83,19,1,72,78,1,1
274,0,79,81,15,1,51,48,0,0
275,7,76,86,6,2,127,99,0,1
276,3,72,88,8,3,27,58,4,0
277,5,75,94,12,4,64,55,2,1
278,7,42,91,0,2,16,93,2,0
279,3,48,81,7,3,350,64,2,0
280,2,47,65,3,1,427,87,5,0
281,8,72,80,2,3,137,57,2,0
282,2,98,60,2,1,318,62,2,0
283,8,45,39,12,1,228,92,5,0
284,1,80,86,7,2,253,60,5,1
285,1,78,88,6,1,476,50,4,1
286,1,43,67,0,2,209,78,3,0
287,5,52,84,15,3,430,80,5,1
288,2,88,72,5,3,293,43,1,0
289,8,99,61,6,1,230,64,2,1
290,3,41,49,11,2,240,71,3,0
291,0,99,95,8,1,69,69,0,1
292,3,44,55,10,2,103,84,4,0
293,0,83,80,9,2,203,98,3,1
294,4,66,40,20,2,52,65,5,0
295,3,71,72,0,3,461,96,2,0
296,7,60,96,17,2,427,100,2,1
297,7,47,96,3,3,374,75,2,0
298,6,77,80,4,2,329,90,3,1
299,2,47,47,8,3,53,73,2,0
300,0,89,37,16,4,275,48,5,0
301,0,42,40,2,3,334,51,3,0
302,10,93,42,15,3,30,41,2,0
303,2,83,78,4,1,134,77,0,0
304,5,100,67,15,2,57,44,0,1
305,6,97,84,2,4,104,44,1,0
306,5,42,45,19,1,265,91,2,0
307,5,61,62,14,2,9,61,2,0
308,5,45,75,2,4,495,44,3,0
309,2,41,50,19,4,252,98,3,0
310,5,62,82,13,4,294,43,2,0
311,7,83,90,15,2,155,100,1,1
312,10,41,98,16,4,157,48,2,1
313,10,77,93,19,4,36,68,5,1
314,1,56,96,17,1,118,61,3,1
315,4,74,45,17,3,66,66,2,0
316,0,73,52,13,2,241,49,3,0
317,0,62,53,17,3,298,55,2,0
318,4,69,89,14,1,462,81,4,1
319,2,91,60,14,3,212,100,3,1
320,3,47,40,5,4,307,81,1,0
321,2,61,38,14,4,100,100,4,0
322,0,83,63,17,2,55,90,5,1
323,0,97,93,3,2,331,49,2,1
324,4,75,51,7,2,323,45,5,0
325,5,44,77,14,1,238,88,3,0
326,2,52,100,2,2,392,44,4,0
327,8,68,68,14,1,230,97,5,1
328,4,70,42,12,4,361,45,1,0
329,7,86,47,8,3,380,98,3,1
330,0,96,42,1,4,91,95,4,0
331,4,94,99,7,4,278,98,5,1
332,2,55,77,19,4,446,86,4,1
333,0,81,73,16,2,108,64,4,1
334,3,69,93,12,2,316,98,5,1
335,4,96,78,0,2,167,90,0,0
336,6,94,43,1,3,299,89,2,0
337,0,55,71,14,2,469,100,3,1
338,2,51,70,11,1,407,43,3,0
339,1,56,62,13,4,434,79,3,0
340,8,55,76,1,3,441,98,4,0
341,9,51,77,17,3,217,87,5,1
342,5,47,76,6,3,221,71,2,0
343,9,59,100,5,3,160,95,1,1
344,2,42,89,13,3,15,90,3,0
345,7,55,82,7,1,277,91,5,0
346,7,69,56,1,4,496,74,2,0
347,1,84,61,16,3,56,49,2,0
348,5,62,47,4,4,61,73,0,0
349,6,67,79,13,2,497,75,5,1
350,1,90,44,19,3,362,45,3,1
351,10,79,43,20,3,465,82,4,1
352,9,93,88,20,4,326,85,2,1
353,1,44,61,2,3,241,55,2,0
354,9,59,68,4,3,89,98,1,0
355,0,79,35,15,3,71,92,0,0
356,7,95,66,17,1,325,58,2,1
357,0,83,54,16,1,29,73,2,0
358,8,40,69,10,3,358,64,4,0
359,10,96,51,16,1,406,70,4,1
360,5,69,52,15,2,287,88,1,0
361,6,60,79,1,3,85,80,5,0
362,9,59,87,3,2,233,56,1,0
363,6,45,99,20,4,234,86,1,1
364,9,61,35,6,2,312,69,4,0
365,2,57,92,1,4,364,78,5,0
366,1,47,60,5,3,264,93,4,0
367,8,78,54,16,4,286,94,0,1
368,7,71,44,6,4,326,70,3,0
369,9,72,93,4,2,392,58,3,1
370,6,92,75,4,2,268,74,0,1
371,8,55,39,19,2,185,68,3,0
372,3,51,99,15,3,130,98,5,1
373,3,77,51,18,3,290,40,4,0
374,0,91,56,8,2,480,43,3,0
375,7,73,75,4,3,276,67,5,0
376,2,100,45,7,3,319,57,4,0
377,6,53,90,8,4,350,65,5,0
378,1,75,85,4,4,179,79,0,0
379,1,72,55,9,2,289,58,1,0
380,6,62,60,1,3,479,94,0,0
381,5,89,53,8,4,376,94,3,1
382,2,84,94,10,1,162,99,4,1
383,8,41,81,3,3,270,96,5,0
384,9,80,60,1,1,375,45,3,0
385,5,60,74,5,2,95,40,3,0
386,9,41,39,13,3,261,47,1,0
387,9,66,55,0,2,364,72,3,0
388,5,96,38,17,2,468,90,1,1
389,0,48,57,6,2,352,82,4,0
390,3,40,49,0,2,287,60,4,0
391,9,50,42,0,2,435,63,5,0
392,5,42,75,0,3,82,64,1,0
393,5,91,53,3,1,224,86,0,0
394,10,62,80,3,3,411,94,4,1
395,4,65,62,17,3,222,96,5,1
396,0,43,49,10,3,468,82,0,0
397,7,57,71,0,4,117,58,4,0
398,4,94,35,9,4,481,68,4,0
399,4,45,58,8,3,191,92,5,0
400,6,74,61,3,1,78,49,5,0
401,3,61,74,5,3,77,95,2,0
402,5,82,97,15,2,146,51,3,1
403,3,54,95,1,4,106,72,3,0
404,2,61,70,17,4,381,95,0,1
405,6,99,58,9,3,270,46,3,1
406,7,76,58,16,3,389,56,0,1
407,3,91,38,12,1,243,100,4,0
408,1,81,68,17,1,72,100,2,1
409,9,51,91,12,2,356,97,2,1
410,2,86,83,16,3,467,99,4,1
411,0,88,87,4,3,353,49,5,1
412,7,81,57,10,3,421,70,1,0
413,2,77,87,6,4,25,99,1,0
414,9,57,96,9,2,209,45,3,0
415,6,84,75,16,1,91,56,5,1
416,9,74,91,14,4,124,89,0,1
417,4,69,94,17,4,434,76,2,1
418,9,63,88,18,4,72,57,3,1
419,4,81,91,1,4,479,65,4,1
420,6,69,44,3,2,122,88,5,0
421,8,53,74,2,3,308,93,2,0
422,4,45,41,6,1,183,55,0,0
423,0,42,72,17,1,186,47,0,0
424,9,55,95,9,4,197,63,1,0
425,9,46,37,6,4,77,52,3,0
426,0,91,85,7,2,347,68,4,1
427,1,53,81,5,4,185,71,2,0
428,5,48,72,0,1,343,63,0,0
429,8,54,70,3,1,252,55,2,0
430,7,60,75,13,3,12,50,4,0
431,4,74,47,16,3,298,71,2,0
432,0,41,92,19,1,75,45,3,0
433,6,66,84,17,1,50,98,1,1
434,4,41,64,10,2,274,74,2,0
435,5,74,96,20,2,148,72,5,1
436,6,57,59,13,1,218,57,1,0
437,2,53,61,8,4,121,76,4,0
438,9,59,85,14,3,210,52,1,1
439,2,57,91,11,1,279,49,2,0
440,4,49,81,9,4,25,76,2,0
441,5,64,73,18,1,172,65,5,1
442,8,41,50,18,3,155,85,0,0
443,4,64,56,5,3,237,56,5,0
444,0,100,88,19,2,375,40,2,1
445,3,93,55,5,2,81,64,1,0
446,4,72,50,7,2,491,73,5,0
447,9,75,93,0,2,355,78,5,1
448,9,70,65,16,3,489,49,0,1
449,4,53,76,16,4,412,59,2,0
450,6,40,66,14,4,272,46,2,0
451,3,85,93,6,4,67,95,4,1
452,0,55,68,18,1,43,55,0,0
453,4,93,43,2,2,492,76,4,0
454,6,85,45,10,2,60,68,4,0
455,9,100,44,19,3,122,99,4,1
456,9,91,51,18,3,348,51,3,1
457,5,42,82,8,1,195,56,4,0
458,4,74,86,9,1,329,87,5,1
459,3,80,59,1,4,408,59,1,0
460,1,45,55,0,3,478,65,5,0
461,3,64,99,15,2,322,87,5,1
462,9,52,97,17,4,110,58,2,1
463,9,92,85,16,2,257,97,3,1
464,2,73,70,5,4,88,86,4,0
465,9,47,100,13,2,432,51,2,1
466,0,60,49,14,1,197,60,0,0
467,7,73,73,13,4,281,81,0,1
468,4,43,35,2,2,199,100,2,0
469,3,64,57,18,2,98,97,1,0
470,7,54,73,11,3,26,100,2,0
471,6,43,91,1,4,88,93,2,0
472,1,84,68,2,2,145,73,3,0
473,0,99,75,17,3,181,46,0,1
474,10,51,47,0,2,256,84,0,0
475,3,71,40,19,4,188,74,4,0
476,7,71,86,20,1,239,54,5,1
477,1,67,37,5,4,358,40,2,0
478,2,52,97,4,4,386,65,2,0
479,0,70,83,0,2,195,74,1,0
480,0,53,81,18,2,296,64,0,0
481,2,59,89,0,4,164,81,1,0
482,10,57,98,20,3,306,98,3,1
483,4,68,99,20,3,270,98,4,1
484,2,99,49,15,3,7,54,1,0
485,0,45,66,11,2,37,61,0,0
486,0,71,52,7,2,113,98,3,0
487,7,68,77,15,4,338,45,2,1
488,9,82,69,0,1,55,91,3,0
489,10,41,92,3,2,430,54,5,0
490,1,99,67,9,4,473,63,1,1
491,2,62,48,10,4,358,60,0,0
492,1,58,68,16,1,137,46,1,0
493,2,70,95,6,3,101,96,2,1
494,6,90,38,11,4,333,100,2,0
495,0,44,93,20,4,176,68,0,1
496,9,58,63,6,4,168,71,5,0
497,7,73,40,11,3,338,71,4,0
498,9,49,83,14,3,285,92,3,1
499,9,64,74,1,1,260,98,3,0
500,9,41,99,13,2,374,44,2,1
501,1,50,61,12,3,222,43,1,0
502,2,89,40,3,2,198,61,1,0
503,8,100,47,13,2,210,57,5,1
504,6,70,98,13,3,286,74,4,1
505,3,95,96,15,4,179,56,1,1
506,9,54,53,6,1,249,89,3,0
507,4,48,77,18,2,230,89,1,1
508,1,62,54,1,4,471,95,4,0
509,10,58,78,9,3,481,63,3,1
510,7,48,57,17,2,22,41,1,0
511,3,74,36,16,2,47,52,3,0
512,8,60,56,4,2,108,93,2,0
513,4,48,91,11,4,295,54,2,0
514,8,67,41,5,4,5,44,5,0
515,3,85,90,8,4,37,42,2,0
516,9,90,50,19,2,168,76,1,1
517,4,46,85,0,2,355,76,4,0
518,8,55,46,14,1,282,76,3,0
519,7,55,87,20,1,202,42,0,1
520,2,99,39,5,4,324,74,2,0
521,0,72,61,18,4,312,91,2,1
522,2,43,46,17,3,272,62,0,0
523,3,43,51,5,4,243,99,0,0
524,1,78,40,12,1,326,67,1,0
525,0,79,39,0,1,474,99,3,0
526,6,56,91,12,1,46,69,2,0
527,7,76,62,6,2,248,57,4,0
528,6,78,93,14,2,78,97,1,1
529,4,99,67,11,4,109,91,1,1
530,0,91,96,0,3,12,75,4,0
531,6,68,84,14,3,394,72,4,1
532,6,91,53,3,3,379,65,5,0
533,8,75,100,12,2,364,87,4,1
534,2,99,81,4,1,89,79,0,1
535,8,77,73,1,1,341,56,2,0
536,0,78,67,0,2,347,79,5,0
537,0,89,47,15,3,279,46,0,0
538,3,76,88,5,3,220,96,5,1
539,8,91,41,15,4,72,47,2,0
540,5,100,48,13,4,233,92,5,1
541,10,74,53,2,3,259,95,0,0
542,2,46,88,14,2,112,70,3,0
543,0,66,54,2,3,45,98,2,0
544,3,67,63,1,4,273,97,1,0
545,8,61,58,0,3,42,51,2,0
546,2,53,97,8,2,207,87,2,0
547,8,46,91,8,1,416,70,2,0
548,6,76,42,6,2,348,83,3,0
549,3,100,96,2,2,102,58,0,1
550,2,61,63,17,4,123,49,1,0
551,9,44,51,10,2,9,78,0,0
552,4,94,100,6,2,328,51,5,1
553,4,41,40,8,4,186,59,5,0
554,2,66,92,0,4,30,76,5,0
555,8,60,62,13,1,155,87,0,0
556,3,93,96,19,3,59,80,4,1
557,10,77,75,5,2,248,46,3,0
558,4,54,75,6,4,386,91,4,0
559,3,60,83,9,1,373,93,5,1
560,4,49,83,6,3,438,97,3,0
561,6,62,37,1,4,269,53,0,0
562,8,97,44,3,3,441,50,5,0
563,6,95,69,20,3,216,46,0,1
564,4,78,36,16,2,398,68,3,0
565,9,44,58,0,2,1,49,0,0
566,9,40,72,9,4,23,68,0,0
567,6,52,56,18,3,205,48,1,0
568,9,60,60,14,4,319,75,4,1
569,4,65,77,9,4,495,87,4,1
570,2,89,89,18,3,198,49,4,1
571,6,84,73,11,4,355,58,2,1
572,10,60,63,15,3,113,95,1,1
573,10,92,54,8,3,279,70,5,1
574,1,57,75,14,3,154,56,5,0
575,8,76,88,16,3,164,48,5,1
576,9,84,54,13,1,485,84,4,1
577,9,71,53,17,3,221,72,4,1
578,0,75,100,1,2,90,73,1,0
579,5,56,64,3,2,166,84,0,0
580,6,74,87,17,2,446,63,4,1
581,7,88,68,6,3,206,48,5,0
582,9,99,56,12,2,281,46,0,1
583,8,50,40,14,1,64,55,4,0
584,1,60,61,0,4,375,58,3,0
585,10,91,44,10,3,3,78,2,0
586,9,94,82,9,2,156,45,4,1
587,1,92,93,4,1,248,89,3,1
588,4,65,93,15,4,256,90,1,1
589,4,43,36,10,1,234,50,3,0
590,5,73,63,20,2,305,100,1,1
591,2,91,99,5,1,365,51,4,1
592,7,87,60,8,4,469,100,1,1
593,0,99,44,12,2,394,97,3,1
594,5,57,87,7,4,73,81,2,0
595,3,79,93,13,1,186,52,0,1
596,0,74,56,0,3,61,51,0,0
597,6,80,85,16,3,336,60,2,1
598,8,68,82,4,3,163,49,5,0
599,3,91,55,1,3,55,59,0,0
600,3,68,56,8,4,110,89,4,0
601,5,77,64,3,3,217,75,5,0
602,2,81,59,16,4,239,67,4,1
603,5,60,62,16,2,20,63,3,0
604,6,81,99,20,3,140,44,3,1
605,10,52,79,17,4,264,76,5,1
606,9,88,41,15,3,138,100,5,1
607,9,80,83,7,3,458,99,5,1
608,2,56,43,10,3,69,51,5,0
609,6,95,70,20,4,384,97,1,1
610,2,48,35,20,1,117,74,5,0
611,1,80,44,17,3,197,100,5,1
612,9,40,70,9,3,204,79,3,0
613,3,41,80,12,2,213,93,4,0
614,7,99,66,16,1,55,41,3,1
615,8,87,66,17,4,286,89,0,1
616,6,68,40,9,2,469,80,1,0
617,0,72,82,15,3,292,84,1,1
618,2,49,72,19,2,174,78,4,0
619,8,89,51,4,2,346,81,5,0
620,0,97,61,12,3,369,48,3,1
621,8,99,88,17,1,499,61,0,1
622,7,79,84,16,1,461,86,3,1
623,0,60,69,8,2,127,44,5,0
624,5,67,59,13,3,430,51,5,0
625,4,50,62,16,4,377,40,2,0
626,5,94,49,3,2,324,83,3,0
627,9,73,38,17,4,441,61,4,0
628,4,47,61,19,2,291,77,3,0
629,5,98,60,14,2,287,90,1,1
630,4,61,53,10,3,225,58,0,0
631,10,47,51,11,3,63,55,4,0
632,4,88,77,8,4,454,70,2,1
633,3,54,75,12,4,425,90,0,0
634,2,56,76,14,1,47,42,0,0
635,2,99,84,14,3,201,62,1,1
636,3,62,74,4,2,497,81,1,0
637,8,63,73,18,2,336,98,1,1
638,1,84,57,19,1,413,57,4,1
639,8,58,86,13,3,404,65,3,1
640,0,44,81,16,2,59,52,0,0
641,0,71,97,17,1,396,97,3,1
642,4,83,77,20,1,256,57,3,1
643,5,40,82,2,2,64,42,1,0
644,5,62,68,1,2,238,97,3,0
645,2,76,74,0,4,288,99,0,0
646,6,47,95,9,3,37,62,0,0
647,8,52,84,18,4,24,42,5,1
648,10,47,96,16,1,409,94,2,1
649,9,96,92,11,2,460,64,4,1
650,7,62,67,0,4,58,66,3,0
651,5,82,50,11,1,475,97,4,1
652,7,40,82,16,3,416,83,4,1
653,4,84,44,2,2,356,66,4,0
654,7,90,72,10,4,382,91,5,1
655,9,63,53,16,3,296,78,4,1
656,3,74,70,2,4,157,64,5,0
657,9,63,93,7,1,56,63,0,0
658,7,56,97,19,3,432,47,3,1
659,9,44,80,3,4,47,48,5,0
660,1,59,37,20,3,327,85,2,0
661,4,60,99,6,1,432,76,4,1
662,8,79,42,13,3,430,69,2,0
663,3,97,85,13,4,55,92,0,1
664,10,70,40,3,1,64,58,0,0
665,5,85,73,15,2,267,92,1,1
666,0,75,94,0,4,68,55,4,0
667,8,50,62,16,4,215,63,1,0
668,0,91,88,9,1,389,83,2,1
669,4,54,71,15,1,88,60,3,0
670,3,58,43,15,2,448,75,1,0
671,2,46,90,7,4,280,79,0,0
672,5,90,93,6,1,256,78,4,1
673,1,67,36,5,2,159,86,2,0
674,2,90,95,15,2,489,45,5,1
675,4,82,92,19,1,233,44,0,1
676,8,97,94,15,4,130,53,5,1
677,1,44,74,6,3,48,92,3,0
678,9,44,70,8,3,146,84,4,0
679,7,69,71,13,2,315,81,3,1
680,1,93,52,10,3,490,89,3,1
681,10,71,97,13,3,412,100,4,1
682,4,47,56,6,1,433,43,4,0
683,6,49,45,0,2,1,47,5,0
684,7,77,92,12,4,328,63,3,1
685,0,86,91,19,2,439,50,2,1
686,5,71,38,2,1,144,56,5,0
687,0,87,41,19,3,443,89,4,1
688,1,67,95,3,4,365,60,0,0
689,0,56,88,10,2,419,96,5,1
690,10,70,35,1,3,60,65,1,0
691,4,47,89,13,2,272,82,2,0
692,9,79,37,11,4,48,87,5,0
693,8,64,72,16,2,331,83,4,1
694,5,48,35,11,2,443,84,4,0
695,10,41,72,11,2,403,66,2,0
696,10,54,63,0,3,433,55,1,0
697,0,89,39,12,4,130,94,5,0
698,0,42,55,13,4,42,65,5,0
699,1,88,81,1,3,56,92,3,0
700,8,75,69,11,3,49,72,0,0
701,2,43,35,20,3,451,70,4,0
702,0,53,46,15,1,464,87,5,0
703,4,80,94,3,2,177,86,5,1
704,6,80,61,7,2,292,45,5,0
705,5,64,90,1,4,45,83,1,0
706,0,97,57,9,2,169,47,0,0
707,4,94,59,8,1,270,46,5,0
708,4,89,55,14,3,416,73,2,1
709,5,49,95,12,4,335,83,4,1
710,2,60,97,16,4,138,92,3,1
711,4,75,86,15,2,246,53,2,1
712,6,51,59,1,4,147,55,4,0
713,4,66,89,19,3,229,82,1,1
714,4,79,80,19,4,279,91,0,1
715,4,41,66,13,3,124,48,0,0
716,9,93,89,2,1,191,49,4,1
717,9,52,39,11,1,373,56,2,0
718,2,92,70,7,3,79,51,3,0
719,0,71,83,1,2,93,45,1,0
720,4,70,92,3,4,225,58,4,0
721,8,55,73,13,2,64,82,1,0
722,0,71,95,15,4,87,80,0,1
723,2,71,43,18,1,87,92,5,0
724,3,99,40,1,1,200,68,5,0
725,0,73,69,11,1,213,45,3,0
726,0,50,73,13,4,203,98,1,0
727,7,49,56,5,1,400,64,4,0
728,1,54,75,12,1,381,96,3,0
729,7,56,39,3,1,88,63,2,0
730,6,79,76,17,1,475,64,5,1
731,9,57,64,11,2,60,55,4,0
732,9,94,91,19,1,270,91,1,1
733,1,48,63,20,1,93,55,3,0
734,5,64,71,18,2,306,45,4,1
735,5,79,47,7,2,26,76,3,0
736,2,98,66,6,4,213,60,3,0
737,10,53,80,15,3,73,43,3,0
738,1,99,57,18,1,60,73,1,1
739,0,97,79,5,1,185,67,4,1
740,5,64,51,19,1,30,77,0,0
741,4,89,100,20,4,218,80,0,1
742,10,61,40,10,1,11,67,1,0
743,8,91,52,4,3,301,56,1,0
744,0,69,56,15,2,414,53,5,0
745,6,59,67,6,4,31,46,3,0
746,4,60,64,4,2,159,61,4,0
747,4,83,66,10,1,488,90,4,1
748,1,71,76,14,1,236,40,2,0
749,10,90,44,2,1,226,68,2,0
750,2,85,70,4,3,180,91,0,0
751,6,88,68,20,3,316,70,2,1
752,5,95,62,4,4,45,69,2,0
753,1,60,45,8,2,340,96,0,0
754,5,74,73,14,1,457,54,5,1
755,1,97,81,2,1,79,57,0,0
756,1,71,53,5,1,134,74,2,0
757,1,69,49,16,1,259,89,4,0
758,10,94,62,20,3,474,69,2,1
759,2,78,58,7,2,307,73,3,0
760,1,88,43,20,2,246,81,3,1
761,3,51,81,10,4,472,50,3,0
762,8,80,67,5,3,158,66,5,0
763,5,86,96,7,1,202,63,1,1
764,0,57,53,9,2,111,74,3,0
765,7,60,74,2,2,467,78,4,0
766,6,52,81,13,3,291,47,5,0
767,9,60,99,13,4,437,90,1,1
768,2,47,63,9,4,309,57,1,0
769,0,85,84,11,1,118,52,3,1
770,4,79,47,5,4,382,84,2,0
771,3,85,35,11,2,16,63,0,0
772,9,46,68,13,4,492,90,2,0
773,7,62,82,1,1,330,62,2,0
774,0,83,82,8,2,413,51,1,0
775,9,71,83,9,4,226,88,1,1
776,0,50,98,16,4,360,69,5,1
777,3,61,95,16,3,485,70,5,1
778,7,61,63,2,1,405,67,1,0
779,4,82,73,18,4,116,61,4,1
780,1,64,60,0,3,42,83,4,0
781,5,61,51,11,2,367,67,0,0
782,4,67,47,6,3,114,52,1,0
783,1,68,60,3,3,282,64,3,0
784,10,52,83,9,4,36,83,5,0
785,10,57,41,12,4,301,90,1,0
786,10,41,92,1,4,112,85,4,0
787,2,68,83,9,3,34,46,1,0
788,8,60,87,20,2,131,84,4,1
789,6,54,99,3,1,335,45,1,0
790,6,91,96,17,3,335,63,3,1
791,10,66,51,4,4,468,58,0,0
792,5,89,77,18,1,409,58,3,1
793,7,70,59,1,2,376,75,4,0
794,3,54,37,11,1,227,90,5,0
795,7,90,63,16,4,146,48,5,1
796,3,62,66,9,3,121,87,2,0
797,7,63,60,1,3,80,98,3,0
798,8,83,50,5,4,172,75,1,0
799,2,52,59,7,3,153,77,0,0
800,2,61,88,18,4,149,79,1,1
801,10,82,62,10,3,374,98,1,1
802,1,76,90,11,3,57,68,3,1
803,9,100,99,8,3,62,63,0,1
804,2,72,75,1,2,155,87,2,0
805,2,95,85,7,2,448,44,1,1
806,4,42,63,10,4,427,92,0,0
807,4,93,53,20,2,355,93,2,1
808,1,58,100,3,4,426,81,1,0
809,9,62,75,9,1,420,94,0,1
810,5,68,79,20,1,321,84,3,1
811,4,69,49,19,2,400,100,5,1
812,5,78,37,15,1,167,65,5,0
813,0,83,45,7,1,165,53,1,0
814,4,86,87,3,3,84,78,1,0
815,8,64,80,9,3,444,68,0,1
816,9,76,64,11,4,136,91,5,1
817,1,86,91,13,1,460,45,1,1
818,0,47,52,15,4,458,46,2,0
819,9,81,85,17,4,188,76,1,1
820,10,97,82,20,1,463,92,5,1
821,8,55,100,20,2,399,57,4,1
822,9,47,42,11,1,378,62,5,0
823,8,40,56,17,3,1,83,2,0
824,8,83,40,6,1,105,77,0,0
825,5,44,91,19,2,363,98,2,1
826,7,42,70,6,4,71,40,4,0
827,10,40,91,8,4,426,43,4,0
828,0,43,83,0,3,125,90,1,0
829,9,79,79,5,3,169,83,1,1
830,3,74,100,5,3,204,86,5,1
831,0,71,79,11,4,312,74,3,1
832,7,81,54,11,3,336,62,2,0
833,0,73,98,9,1,486,66,5,1
834,2,82,37,5,4,471,99,3,0
835,3,64,88,16,2,194,65,5,1
836,7,49,98,18,4,157,91,4,1
837,5,60,74,17,1,499,99,1,1
838,9,85,93,5,1,140,47,1,1
839,6,78,89,18,3,274,82,5,1
840,7,66,96,9,4,6,55,1,0
841,1,66,38,7,4,392,80,0,0
842,9,41,94,20,4,466,42,5,1
843,10,80,64,5,2,492,71,4,1
844,7,87,36,20,3,53,44,5,0
845,2,52,96,6,1,103,59,5,0
846,6,48,83,0,1,341,53,1,0
847,2,91,43,17,3,337,99,4,1
848,6,75,65,19,1,60,71,5,1
849,10,61,95,11,1,86,65,1,1
850,1,81,82,15,3,257,86,2,1
851,9,65,59,9,1,177,45,4,0
852,5,97,70,9,4,241,98,3,1
853,2,93,42,13,2,202,97,0,0
854,2,51,92,19,3,30,75,3,1
855,8,56,79,9,2,288,79,4,0
856,6,53,96,9,1,461,90,5,1
857,4,53,73,10,1,79,98,1,0
858,9,96,92,1,4,10,44,4,1
859,6,73,98,19,3,416,52,0,1
860,8,92,78,7,1,253,71,4,1
861,0,96,63,6,3,383,55,1,0
862,6,59,93,7,3,390,40,3,0
863,5,50,43,0,3,383,52,2,0
864,9,55,40,20,3,286,93,3,0
865,8,90,63,1,3,175,50,1,0
866,0,70,92,17,2,125,92,1,1
867,3,94,51,14,4,493,47,0,1
868,8,45,50,0,3,46,64,4,0
869,3,95,37,4,2,205,79,4,0
870,9,58,55,1,1,475,71,3,0
871,2,76,98,19,3,436,63,2,1
872,8,97,70,2,1,106,67,2,0
873,1,43,96,18,3,463,53,0,1
874,3,86,76,17,2,274,84,1,1
875,5,100,76,17,2,336,42,0,1
876,1,43,95,13,2,122,75,4,0
877,7,59,47,7,4,473,66,5,0
878,7,49,45,11,1,133,59,5,0
879,0,63,88,20,4,106,86,5,1
880,2,93,50,9,3,304,54,1,0
881,9,74,42,19,1,328,66,0,0
882,8,65,93,16,2,49,92,3,1
883,4,76,91,10,1,336,84,4,1
884,5,77,74,1,2,94,80,5,0
885,3,60,93,3,4,267,67,2,0
886,9,93,36,0,4,22,64,0,0
887,1,79,44,14,2,53,81,4,0
888,10,78,78,12,2,373,100,4,1
889,7,60,45,7,3,253,83,2,0
890,10,49,36,3,4,452,85,2,0
891,5,77,84,9,4,234,72,2,1
892,4,85,46,18,3,483,85,5,1
893,8,43,57,17,4,58,53,5,0
894,0,99,52,4,2,163,47,0,0
895,4,96,96,18,1,258,87,2,1
896,5,84,96,15,1,313,53,3,1
897,4,59,72,0,4,215,40,4,0
898,5,56,72,11,3,182,55,2,0
899,5,94,95,1,2,56,57,4,1
900,6,46,35,20,1,144,46,1,0
901,3,43,79,7,2,422,54,1,0
902,10,68,62,17,4,89,63,2,1
903,7,53,55,15,4,451,88,4,0
904,6,42,47,4,1,310,90,1,0
905,8,63,61,12,4,44,94,2,0
906,6,76,41,18,3,459,52,4,0
907,2,55,56,2,4,256,48,2,0
908,2,97,87,7,4,20,95,5,1
909,7,94,38,11,4,466,95,4,1
910,4,91,57,1,2,20,54,1,0
911,3,43,67,10,2,51,96,2,0
912,7,95,62,11,1,337,97,1,1
913,5,63,42,17,1,170,74,2,0
914,1,73,35,12,1,435,63,0,0
915,3,69,71,4,4,66,72,1,0
916,10,57,97,11,2,112,55,1,1
917,3,58,56,1,3,299,47,3,0
918,5,70,55,4,4,159,68,5,0
919,5,99,69,6,4,265,62,1,1
920,0,99,39,11,4,319,84,4,0
921,7,58,94,15,3,231,70,2,1
922,5,88,80,7,1,462,79,0,1
923,2,85,84,8,3,324,88,4,1
924,8,58,82,14,1,67,93,4,1
925,1,61,40,4,3,27,94,4,0
926,10,63,90,12,2,436,53,4,1
927,7,84,93,4,4,115,98,0,1
928,9,51,63,10,4,50,92,3,0
929,2,69,52,9,4,180,69,5,0
930,4,97,36,19,1,259,92,1,1
931,5,77,42,12,3,78,78,4,0
932,9,92,88,8,2,272,66,1,1
933,5,70,72,20,3,107,86,1,1
934,3,75,82,13,4,450,55,4,1
935,2,58,61,17,2,73,90,3,0
936,3,87,54,14,2,174,45,1,0
937,0,84,46,9,4,489,94,2,0
938,3,75,77,6,3,183,72,1,0
939,0,69,95,7,4,22,83,5,0
940,0,94,65,2,3,273,57,4,0
941,9,88,95,14,2,128,55,0,1
942,5,94,69,15,2,290,51,1,1
943,4,72,49,3,4,319,59,3,0
944,10,57,50,20,2,500,84,2,1
945,3,91,47,5,1,185,79,2,0
946,10,88,69,0,2,478,98,0,1
947,2,98,93,3,1,58,68,5,1
948,0,67,55,10,2,491,69,0,0
949,5,98,88,11,4,0,65,5,1
950,1,86,64,4,4,130,61,1,0
951,7,50,82,20,1,66,72,4,1
952,9,96,69,15,4,292,97,3,1
953,4,99,72,12,2,466,92,2,1
954,6,93,65,12,2,284,78,0,1
955,9,84,58,16,4,88,86,3,1
956,1,72,83,6,2,416,68,5,0
957,7,56,66,7,3,99,61,4,0
958,1,45,89,12,3,188,84,2,0
959,3,43,92,15,2,476,52,2,0
960,0,59,37,3,4,377,99,5,0
961,4,87,44,7,1,345,48,4,0
962,8,86,59,15,4,387,63,2,1
963,0,66,95,20,1,240,54,4,1
964,8,54,63,9,4,269,75,2,0
965,10,45,53,11,2,497,52,1,0
966,7,86,77,11,3,218,66,5,1
967,5,53,100,4,4,416,83,4,1
968,6,99,95,15,1,405,76,3,1
969,2,50,77,0,3,175,46,1,0
970,0,78,59,8,1,386,47,3,0
971,4,48,54,11,2,470,76,5,0
972,1,65,82,4,3,340,80,2,0
973,4,55,58,19,1,232,53,3,0
974,7,44,45,2,4,150,97,1,0
975,10,96,89,4,2,451,51,4,1
976,8,91,62,1,2,276,75,0,0
977,1,100,97,13,2,228,91,3,1
978,2,49,93,1,4,170,100,0,0
979,2,89,39,12,4,222,79,5,0
980,0,42,85,6,3,212,56,3,0
981,7,52,55,9,4,281,79,3,0
982,5,82,46,12,3,40,92,4,0
983,7,88,84,15,2,121,68,2,1
984,10,69,38,13,3,226,66,1,0
985,8,93,76,10,1,293,40,1,1
986,4,84,72,9,2,87,91,1,1
987,2,45,59,5,2,266,73,5,0
988,4,56,48,3,3,488,43,2,0
989,4,98,66,20,2,28,63,0,1
990,4,84,45,0,4,494,60,1,0
991,2,90,95,6,1,246,72,0,1
992,10,92,52,8,3,315,46,2,0
993,9,58,61,7,3,450,40,5,0
994,3,81,89,4,2,448,80,2,1
995,8,74,88,18,4,243,42,4,1
996,9,85,55,9,2,60,83,1,0
997,8,65,78,10,2,146,90,5,1
998,1,90,39,14,3,173,54,4,0
999,7,44,75,5,2,432,70,1,0
1000,7,68,93,14,1,277,93,2,1
1001,6,76,88,4,2,333,55,2,0
1002,7,59,56,18,2,368,49,3,0
1003,2,88,99,18,3,440,93,3,1
1004,5,60,98,9,2,378,68,2,1
1005,0,49,38,11,4,141,98,2,0
1006,6,44,99,3,3,43,98,0,0
1007,0,75,49,17,2,143,45,0,0
1008,8,45,56,15,1,352,68,4,0
1009,0,65,81,7,1,332,56,3,0
1010,0,43,80,3,3,485,92,3,0
1011,6,78,48,11,3,496,99,2,1
1012,1,78,84,1,2,395,61,2,0
1013,4,89,54,3,4,54,63,4,0
1014,7,74,84,4,2,306,100,5,1
1015,7,40,67,2,1,357,56,5,0
1016,2,63,93,8,4,422,60,5,1
1017,6,96,77,20,4,416,90,3,1
1018,2,75,46,17,4,160,89,0,0
1019,5,45,74,10,2,284,50,5,0
1020,5,80,54,2,1,324,95,1,0
1021,2,93,72,1,3,197,46,4,0
1022,6,85,37,8,2,158,81,5,0
1023,2,99,62,13,3,79,78,1,1
1024,7,83,90,3,4,30,44,5,0
1025,9,99,47,8,4,472,83,0,1
1026,3,96,100,12,2,111,87,0,1
1027,0,70,71,17,1,45,100,5,1
1028,3,59,83,14,4,352,96,1,1
1029,6,63,100,9,3,204,60,4,1
1030,10,64,70,15,3,51,57,1,0
1031,3,75,88,11,2,137,74,4,1
1032,5,60,60,19,3,471,59,5,1
1033,8,69,74,4,1,73,54,4,0
1034,0,63,77,1,4,40,44,2,0
1035,4,83,56,9,3,478,52,3,0
1036,10,81,54,0,3,76,90,3,0
1037,6,69,42,6,4,386,51,0,0
1038,0,61,63,16,2,186,94,2,0
1039,3,67,74,15,3,369,60,3,1
1040,5,46,64,2,2,51,76,5,0
1041,1,74,89,13,2,417,45,4,1
1042,9,94,50,9,3,432,46,4,1
1043,4,67,80,6,1,411,65,1,0
1044,10,53,96,16,2,466,81,1,1
1045,9,95,41,5,3,86,87,4,0
1046,0,49,79,3,2,108,47,5,0
1047,5,55,93,16,4,479,48,4,1
1048,5,55,90,8,1,396,66,1,0
1049,3,93,82,3,1,224,43,3,0
1050,7,70,61,6,4,481,60,0,0
1051,3,81,87,1,4,480,70,1,0
1052,7,64,69,16,2,247,60,5,1
1053,7,52,85,7,4,68,79,3,0
1054,4,45,71,14,1,119,64,3,0
1055,3,83,91,14,4,66,78,3,1
1056,1,48,42,7,3,60,54,2,0
1057,10,84,54,15,3,443,92,2,1
1058,2,75,87,18,2,326,74,3,1
1059,2,95,46,10,1,407,88,5,1
1060,3,82,83,1,3,190,82,4,0
1061,3,59,51,16,4,469,80,5,0
1062,9,57,98,15,3,492,76,2,1
1063,10,97,76,14,3,188,96,1,1
1064,10,82,63,12,2,150,81,2,1
1065,4,96,53,14,4,285,86,4,1
1066,3,60,45,3,4,443,67,0,0
1067,10,43,84,15,4,401,100,2,1
1068,9,89,92,11,2,95,53,5,1
1069,7,72,68,3,4,311,43,5,0
1070,5,66,54,2,4,308,92,3,0
1071,5,46,84,16,3,262,59,3,0
1072,7,45,44,17,3,96,73,3,0
1073,6,54,66,17,4,452,51,0,0
1074,9,57,86,16,1,112,72,4,1
1075,10,71,49,11,1,475,63,1,0
1076,9,95,37,20,4,124,59,5,1
1077,7,50,71,3,1,455,44,5,0
1078,1,59,74,11,2,462,77,4,0
1079,8,63,74,20,3,435,69,0,1
1080,0,54,90,19,2,131,63,3,1
1081,7,87,57,14,3,417,82,4,1
1082,10,46,45,15,1,452,79,1,0
1083,3,60,98,4,1,416,46,3,0
1084,3,81,42,20,4,120,75,1,0
1085,4,65,90,14,1,196,77,2,1
1086,7,83,94,16,1,293,55,1,1
1087,4,95,44,17,4,481,91,3,1
1088,7,53,73,4,4,121,54,2,0
1089,9,96,62,12,3,281,85,3,1
1090,0,76,83,18,1,384,62,5,1
1091,9,97,70,12,3,259,51,3,1
1092,8,60,47,17,3,38,68,2,0
1093,5,57,70,13,2,53,83,1,0
1094,2,44,60,3,1,473,87,5,0
1095,7,42,38,3,1,160,54,0,0
1096,8,62,98,19,2,288,68,0,1
1097,5,65,72,19,3,199,84,0,1
1098,10,76,56,18,1,275,82,0,1
1099,6,63,36,12,3,15,88,4,0
1100,0,88,65,11,2,404,60,0,0
1101,4,58,45,6,4,172,54,2,0
1102,4,90,80,11,3,247,53,0,1
1103,9,64,96,20,1,382,81,3,1
1104,3,60,98,3,4,217,83,0,0
1105,5,51,44,1,3,86,55,1,0
1106,6,96,74,1,3,81,54,2,0
1107,8,100,58,4,4,61,81,2,0
1108,0,80,78,9,4,286,43,5,0
1109,5,72,94,9,4,499,66,4,1
1110,6,89,96,8,1,41,62,3,1
1111,2,92,51,12,1,11,68,2,0
1112,7,43,99,6,3,320,80,1,0
1113,4,81,91,4,3,233,92,0,1
1114,8,96,89,9,2,328,91,2,1
1115,4,46,87,9,1,130,48,1,0
1116,8,61,90,5,3,114,92,0,0
1117,9,94,43,18,4,217,96,4,1
1118,3,72,56,20,4,136,95,2,1
1119,8,56,47,7,1,105,91,2,0
1120,4,63,82,0,4,178,82,1,0
1121,9,100,52,16,2,15,82,5,1
1122,8,100,74,6,3,471,46,3,1
1123,2,73,51,13,3,241,92,4,0
1124,3,67,49,20,3,333,81,3,1
1125,8,97,49,20,1,380,43,2,1
1126,9,82,97,16,4,386,44,3,1
1127,10,80,73,8,2,225,44,0,0
1128,5,78,47,16,1,480,50,4,0
1129,1,61,66,4,3,241,80,3,0
1130,6,88,43,19,2,407,67,0,1
1131,1,56,74,7,3,456,55,1,0
1132,10,73,54,5,3,140,80,3,0
1133,1,45,97,10,1,385,93,4,1
1134,10,85,78,18,3,198,69,0,1
1135,0,45,72,3,2,111,43,3,0
1136,10,73,94,17,3,126,41,1,1
1137,10,40,82,0,4,20,85,3,0
1138,10,49,52,12,3,146,42,0,0
1139,2,60,50,13,1,88,89,3,0
1140,5,44,89,0,2,302,60,4,0
1141,7,41,73,10,1,405,45,2,0
1142,8,61,93,16,4,202,82,0,1
1143,6,87,96,3,3,416,92,0,1
1144,3,96,47,11,1,415,57,0,0
1145,5,41,40,9,1,447,83,0,0
1146,4,49,94,5,1,84,44,3,0
1147,7,73,48,0,1,166,48,4,0
1148,0,55,88,6,4,383,59,1,0
1149,0,87,38,20,4,467,67,4,1
1150,10,90,73,15,3,71,65,0,1
1151,5,100,59,13,3,297,57,5,1
1152,9,78,66,19,2,484,58,3,1
1153,1,61,93,19,4,8,42,5,1
1154,4,51,97,5,1,280,48,3,0
1155,0,63,72,4,1,472,75,0,0
1156,6,86,87,20,2,480,70,3,1
1157,0,79,62,17,1,257,88,0,1
1158,3,77,37,14,2,274,56,4,0
1159,8,99,56,5,3,237,94,2,1
1160,0,98,72,18,4,19,62,3,1
1161,3,49,96,0,2,489,73,0,0
1162,5,74,91,0,1,232,80,5,0
1163,5,90,40,12,2,489,80,0,0
1164,7,88,66,2,3,220,44,5,0
1165,0,71,44,9,1,325,54,3,0
1166,6,46,37,20,3,16,86,1,0
1167,0,60,93,2,3,379,42,5,0
1168,6,59,83,8,2,88,58,0,0
1169,2,65,93,7,3,485,67,3,1
1170,10,43,65,2,1,195,42,0,0
1171,7,85,96,12,3,349,77,1,1
1172,2,91,86,5,3,83,43,2,0
1173,0,61,75,12,2,386,63,1,0
1174,7,54,65,19,3,86,70,4,0
1175,2,95,56,19,4,306,84,3,1
1176,1,79,38,11,2,337,98,1,0
1177,0,60,47,12,2,153,84,2,0
1178,2,54,79,1,1,439,98,0,0
1179,1,61,76,20,1,227,50,3,1
1180,1,91,83,15,1,447,76,5,1
1181,5,67,54,5,1,263,40,1,0
1182,0,53,88,18,4,464,48,2,1
1183,1,66,70,20,2,222,56,1,1
1184,5,100,35,12,3,420,93,4,1
1185,2,80,49,16,1,492,40,3,0
1186,3,79,51,8,1,120,42,0,0
1187,0,97,58,16,1,480,86,2,1
1188,7,67,92,1,3,410,65,1,0
1189,6,65,57,18,1,172,92,3,1
1190,6,88,80,18,3,3,70,1,1
1191,2,41,42,6,2,341,65,3,0
1192,9,64,93,9,2,127,62,4,1
1193,9,95,93,9,2,473,69,1,1
1194,2,42,47,19,4,479,49,4,0
1195,1,47,73,8,3,471,47,5,0
1196,0,83,62,16,1,109,83,5,1
1197,6,72,95,14,1,354,64,2,1
1198,6,81,50,1,1,36,61,4,0
1199,1,91,36,3,1,479,54,3,0
1200,6,74,51,18,4,70,98,2,1
1201,7,45,64,16,1,288,80,1,0
1202,0,78,47,4,4,30,95,1,0
1203,8,91,47,6,3,438,96,3,1
1204,6,62,77,17,2,380,49,0,1
1205,2,64,55,20,1,267,59,0,0
1206,7,98,89,6,2,10,80,1,1
1207,6,89,74,16,3,343,86,3,1
1208,10,82,49,6,3,327,62,0,0
1209,7,58,86,3,1,31,92,4,0
1210,5,44,87,7,3,56,92,1,0
1211,8,90,86,12,2,165,40,5,1
1212,4,50,64,3,1,187,41,4,0
1213,2,95,67,5,4,341,97,3,1
1214,2,51,91,4,1,481,58,5,0
1215,0,49,86,11,2,18,53,4,0
1216,7,47,43,3,1,115,47,0,0
1217,1,63,88,8,1,467,77,0,0
1218,2,99,35,3,2,183,51,5,0
1219,7,67,78,18,1,269,65,2,1
1220,7,80,43,13,1,32,66,1,0
1221,10,75,66,4,2,9,68,5,0
1222,3,76,49,17,3,79,54,3,0
1223,3,60,46,9,2,191,85,1,0
1224,4,47,91,18,1,319,92,4,1
1225,5,94,42,11,4,189,100,3,1
1226,4,48,61,17,4,67,40,3,0
1227,6,86,96,16,2,474,99,0,1
1228,1,54,46,10,4,347,82,4,0
1229,6,87,99,2,1,124,67,0,1
1230,9,85,76,16,1,426,96,0,1
1231,6,79,96,0,2,335,42,2,0
1232,0,57,45,14,1,58,90,0,0
1233,6,81,77,8,3,435,57,1,1
1234,4,99,51,14,1,96,91,3,1
1235,2,59,66,2,2,495,99,0,0
1236,2,45,74,18,3,274,73,5,0
1237,3,51,57,12,3,148,71,1,0
1238,1,41,90,11,4,277,68,4,0
1239,1,46,40,19,1,264,64,3,0
1240,0,55,84,0,2,8,99,5,0
1241,4,42,71,20,4,456,65,5,1
1242,3,84,98,16,4,282,78,4,1
1243,10,42,88,12,1,272,47,5,0
1244,9,66,83,0,1,427,58,1,0
1245,1,89,45,9,2,300,93,4,0
1246,2,82,83,14,4,7,86,5,1
1247,6,79,55,6,2,207,81,4,0
1248,6,77,100,17,4,401,61,4,1
1249,3,72,97,15,4,124,68,0,1
1250,4,67,62,13,4,122,72,0,0
1251,4,40,51,17,1,32,77,0,0
1252,5,94,40,6,4,0,84,5,0
1253,8,47,53,16,4,203,85,3,0
1254,1,76,90,17,4,5,74,1,1
1255,4,71,62,11,3,296,82,5,0
1256,2,99,100,7,1,438,42,0,1
1257,3,87,72,1,3,4,58,4,0
1258,9,82,71,6,1,442,49,5,1
1259,5,76,83,3,2,79,66,4,0
1260,7,43,77,17,3,273,54,4,0
1261,0,69,70,5,2,176,50,4,0
1262,9,45,92,8,4,337,86,2,1
1263,7,85,47,8,2,320,65,3,0
1264,10,93,86,13,2,338,98,1,1
1265,6,58,92,7,2,437,63,1,0
1266,0,71,66,18,2,444,52,0,0
1267,1,48,94,2,1,135,71,2,0
1268,2,51,92,17,3,386,76,5,1
1269,0,50,90,4,1,24,43,5,0
1270,8,85,62,13,1,324,52,1,1
1271,7,94,35,3,1,182,48,3,0
1272,1,55,76,6,2,167,96,4,0
1273,8,40,82,19,1,466,88,0,1
1274,6,84,74,11,3,337,73,3,1
1275,8,94,97,1,1,177,95,1,1
1276,5,92,38,10,4,372,76,2,0
1277,5,60,72,13,2,94,87,0,0
1278,10,69,61,15,4,32,46,1,0
1279,3,52,43,19,3,110,40,5,0
1280,9,73,50,5,3,145,99,0,0
1281,9,43,90,3,3,380,97,1,0
1282,1,67,65,14,3,440,51,5,0
1283,6,77,48,0,1,230,60,5,0
1284,4,97,59,6,2,271,50,4,0
1285,10,70,68,11,3,335,83,2,1
1286,5,98,58,9,4,494,90,4,1
1287,1,94,60,4,3,37,97,1,0
1288,4,66,54,11,2,424,83,3,0
1289,9,44,98,17,4,134,83,4,1
1290,3,64,44,9,4,333,53,3,0
1291,8,42,58,5,4,234,73,5,0
1292,5,72,39,11,1,436,73,1,0
1293,1,43,92,6,3,318,64,2,0
1294,0,64,61,17,1,367,100,3,1
1295,4,59,49,1,4,344,43,1,0
1296,8,73,69,9,1,159,91,3,1
1297,5,65,87,14,1,37,94,4,1
1298,9,44,78,11,1,149,65,1,0
1299,6,74,60,16,3,399,55,4,1
1300,4,100,81,3,4,307,49,0,0
1301,9,67,68,6,4,28,84,1,0
1302,5,68,84,8,3,143,41,3,0
1303,4,48,46,18,1,75,74,0,0
1304,10,91,38,6,1,144,58,4,0
1305,8,77,82,1,2,228,45,4,0
1306,5,89,89,5,2,63,58,3,1
1307,10,45,35,17,2,346,98,0,0
1308,7,58,100,5,3,344,92,5,1
1309,1,99,64,12,4,268,91,2,1
1310,8,83,37,18,2,327,90,3,1
1311,4,96,55,1,4,183,47,4,0
1312,6,50,83,11,4,260,53,1,0
1313,9,41,96,14,4,267,49,0,0
1314,0,86,72,13,3,168,42,5,0
1315,9,83,49,5,3,258,77,2,0
1316,4,83,86,17,3,226,68,1,1
1317,9,48,80,4,3,32,54,0,0
1318,1,60,59,17,2,376,62,5,0
1319,5,63,55,2,1,213,62,3,0
1320,10,73,39,2,1,49,57,5,0
1321,0,61,81,9,1,439,85,3,0
1322,2,42,52,18,2,491,58,0,0
1323,4,51,55,2,1,392,67,5,0
1324,3,67,57,11,2,488,65,2,0
1325,2,69,98,15,2,209,49,5,1
1326,9,65,74,16,2,433,86,0,1
1327,4,87,44,6,1,28,43,1,0
1328,10,60,86,12,4,38,94,1,1
1329,7,67,95,1,1,346,41,5,0
1330,10,95,98,3,1,99,42,5,1
1331,3,65,39,9,3,172,46,3,0
1332,0,72,87,6,2,16,94,0,0
1333,10,60,89,16,4,55,55,3,1
1334,6,74,71,19,3,225,70,2,1
1335,7,91,90,5,4,45,49,1,1
1336,2,73,93,18,4,66,58,4,1
1337,5,80,93,4,2,196,67,4,1
1338,1,90,36,9,1,141,56,0,0
1339,6,86,99,8,2,322,67,0,1
1340,7,57,94,12,2,22,58,4,1
1341,5,97,85,18,3,486,76,0,1
1342,5,50,64,20,2,93,62,1,0
1343,4,96,45,5,1,241,59,2,0
1344,7,62,73,3,4,236,52,2,0
1345,0,87,97,2,2,444,52,3,1
1346,9,61,98,2,4,406,82,1,1
1347,3,56,95,3,2,410,50,0,0
1348,3,44,88,4,4,53,87,0,0
1349,2,83,92,7,2,137,54,3,1
1350,2,50,90,15,3,472,56,3,1
1351,3,69,68,2,4,332,93,0,0
1352,10,54,65,11,2,271,89,0,0
1353,0,66,86,7,2,40,67,1,0
1354,10,74,35,12,3,97,58,3,0
1355,10,72,89,3,3,182,43,1,0
1356,1,59,56,13,3,127,61,5,0
1357,8,100,74,13,4,228,61,0,1
1358,9,55,35,12,4,316,94,4,0
1359,1,73,99,5,3,85,76,4,1
1360,4,41,97,16,1,255,78,5,1
1361,8,74,88,3,1,208,73,0,0
1362,8,79,76,7,2,214,72,3,1
1363,7,95,55,16,1,373,83,4,1
1364,0,67,56,2,2,99,81,3,0
1365,0,86,72,16,4,48,79,4,1
1366,8,78,42,8,4,200,72,3,0
1367,10,45,96,1,1,435,51,4,0
1368,7,48,81,12,4,257,41,3,0
1369,9,59,51,19,3,479,98,5,1
1370,8,99,51,1,3,375,67,1,0
1371,6,40,47,19,1,177,49,3,0
1372,2,47,51,10,1,244,61,1,0
1373,2,94,72,14,2,122,56,1,1
1374,1,62,79,10,4,341,65,0,0
1375,4,42,40,2,2,170,42,5,0
1376,2,43,69,2,2,332,46,1,0
1377,5,97,48,11,3,135,83,2,0
1378,1,64,95,4,3,58,47,1,0
1379,2,86,49,19,3,192,59,3,1
1380,4,77,88,6,3,464,51,1,1
1381,10,54,61,6,2,267,74,3,0
1382,10,60,47,12,3,259,56,3,0
1383,0,74,65,8,4,372,67,2,0
1384,0,96,69,20,3,460,80,1,1
1385,9,92,94,12,3,94,49,1,1
1386,8,92,40,11,3,124,61,4,0
1387,6,85,92,12,1,40,77,4,1
1388,0,91,83,9,4,378,96,0,1
1389,7,53,57,0,4,253,72,3,0
1390,2,75,68,7,2,6,61,2,0
1391,7,51,60,15,2,470,83,4,0
1392,4,56,81,12,3,215,76,1,0
1393,0,78,39,2,1,68,52,0,0
1394,6,48,54,2,2,68,66,2,0
1395,4,74,40,4,2,80,54,5,0
1396,5,99,93,10,3,29,61,1,1
1397,5,52,98,6,3,72,69,1,0
1398,7,54,52,20,2,261,82,5,1
1399,8,57,38,9,2,88,79,3,0
1400,1,90,51,9,4,402,76,3,0
1401,8,72,48,19,1,207,73,4,1
1402,10,45,47,1,4,212,83,4,0
1403,9,98,41,2,2,321,99,1,0
1404,8,66,78,7,4,265,73,1,0
1405,9,62,49,10,4,399,97,4,0
1406,9,98,53,12,2,292,87,5,1
1407,6,66,97,6,3,206,92,4,1
1408,0,73,69,12,2,332,74,1,0
1409,6,95,69,1,3,76,81,2,0
1410,9,85,53,5,2,287,58,1,0
1411,4,77,54,8,2,492,47,2,0
1412,5,53,69,19,2,46,78,2,0
1413,9,75,66,1,1,109,72,1,0
1414,6,92,82,17,3,199,83,0,1
1415,4,47,78,15,1,426,100,4,1
1416,6,74,58,11,2,209,67,3,0
1417,8,58,95,6,4,375,76,1,1
1418,2,69,51,6,1,419,87,2,0
1419,7,53,84,16,3,153,64,1,1
1420,1,98,99,12,2,9,75,4,1
1421,10,59,66,10,1,414,56,5,0
1422,6,88,70,5,4,352,63,2,0
1423,1,64,47,13,1,156,60,3,0
1424,3,79,92,5,3,260,41,3,0
1425,6,63,48,5,1,76,70,3,0
1426,2,53,71,1,4,256,83,5,0
1427,1,65,74,19,4,470,72,0,1
1428,10,77,93,14,3,487,69,2,1
1429,9,62,50,16,4,130,51,5,0
1430,6,61,96,7,2,66,83,2,0
1431,0,87,38,4,4,454,51,5,0
1432,7,96,79,16,2,227,90,5,1
1433,2,58,62,19,1,162,96,0,0
1434,1,85,100,0,2,14,88,2,0
1435,2,90,65,17,2,231,91,5,1
1436,4,42,37,14,1,194,63,0,0
1437,10,81,42,4,4,348,63,1,0
1438,7,58,58,6,2,29,97,4,0
1439,9,48,49,17,4,358,99,5,0
1440,6,67,77,5,1,337,50,3,0
1441,6,59,65,20,3,330,52,0,0
1442,6,84,79,4,4,426,66,0,0
1443,7,46,100,18,4,496,47,5,1
1444,0,53,42,9,3,315,49,0,0
1445,3,48,91,14,3,485,47,1,0
1446,5,98,64,9,1,295,59,0,1
1447,8,99,52,15,4,448,47,4,1
1448,1,94,73,11,4,412,48,4,1
1449,0,96,94,17,1,329,46,3,1
1450,9,99,77,0,4,219,53,1,0
1451,1,58,79,15,2,376,67,4,1
1452,6,86,57,5,2,478,41,5,0
1453,2,91,40,2,2,146,96,2,0
1454,9,53,90,1,4,258,82,2,0
1455,1,95,38,1,2,291,47,2,0
1456,10,77,57,12,2,298,52,5,1
1457,6,92,40,8,1,142,60,0,0
1458,1,100,66,15,1,480,86,5,1
1459,2,75,52,4,3,424,67,0,0
1460,10,79,49,20,3,234,74,2,1
1461,6,56,74,6,3,114,62,3,0
1462,3,69,40,12,3,364,85,3,0
1463,0,48,97,19,1,89,54,0,0
1464,4,72,45,12,1,207,41,2,0
1465,8,95,77,6,1,163,100,5,1
1466,7,91,51,9,2,480,90,3,1
1467,8,64,38,14,2,83,51,0,0
1468,9,53,97,20,3,76,96,5,1
1469,8,50,75,5,2,160,91,2,0
1470,6,92,39,4,4,4,75,1,0
1471,3,74,66,1,1,484,42,2,0
1472,4,80,69,20,3,77,44,2,1
1473,0,98,56,14,3,90,42,5,0
1474,0,53,99,15,4,86,96,5,1
1475,2,69,56,18,2,269,86,4,1
1476,7,80,45,8,3,103,58,4,0
1477,1,43,37,18,2,451,41,5,0
1478,3,98,43,6,2,486,83,5,0
1479,1,43,94,3,4,499,76,1,0
1480,4,67,48,2,3,338,93,1,0
1481,8,47,52,19,2,174,56,2,0
1482,0,41,57,10,2,53,53,3,0
1483,4,80,81,0,4,387,67,1,0
1484,8,100,81,5,4,477,66,2,1
1485,0,85,64,10,2,210,93,0,0
1486,8,61,59,0,4,94,49,4,0
1487,7,80,62,20,2,222,42,3,1
1488,3,95,59,6,3,8,75,2,0
1489,10,94,92,5,1,52,77,5,1
1490,9,55,75,13,4,76,95,0,0
1491,4,68,59,1,1,205,64,4,0
1492,4,88,82,3,2,315,61,0,0
1493,10,87,44,10,2,301,87,2,1
1494,5,69,45,14,2,309,78,1,0
1495,6,51,55,17,1,329,86,4,0
1496,7,74,79,0,2,111,69,0,0
1497,7,50,41,2,4,350,60,1,0
1498,10,85,98,2,3,164,69,3,1
1499,1,89,98,6,3,278,67,2,1
1500,8,60,36,0,4,26,70,2,0
1501,6,60,76,10,3,69,96,4,0
1502,3,44,88,5,1,217,91,0,0
1503,3,87,50,19,2,449,65,3,1
1504,10,59,52,2,2,364,82,5,0
1505,7,76,93,18,2,188,61,4,1
1506,3,42,50,1,1,332,60,5,0
1507,5,83,40,17,1,434,40,4,0
1508,4,72,91,11,1,305,76,0,1
1509,2,92,81,9,4,123,52,3,1
1510,9,100,82,4,1,18,60,0,1
1511,10,48,76,8,3,256,85,2,0
1512,1,100,94,1,4,295,48,5,1
1513,8,48,38,1,4,415,56,1,0
1514,9,43,36,5,4,21,86,2,0
1515,8,74,93,9,1,367,60,2,1
1516,0,56,61,17,4,476,70,5,0
1517,9,73,61,11,1,449,78,4,1
1518,2,63,41,3,1,39,98,2,0
1519,7,71,97,20,4,37,93,3,1
1520,5,40,80,16,2,47,61,2,0
1521,4,47,97,14,2,182,51,3,0
1522,4,84,46,5,4,74,94,0,0
1523,5,62,47,15,2,208,45,4,0
1524,6,86,77,16,3,182,92,3,1
1525,0,79,51,2,3,434,55,2,0
1526,8,51,97,9,1,106,65,4,0
1527,2,93,70,4,2,187,44,4,0
1528,3,51,42,13,3,263,48,3,0
1529,9,85,70,20,4,85,85,3,1
1530,0,86,62,12,2,323,79,1,0
1531,10,54,81,5,3,330,53,1,0
1532,9,80,64,11,3,455,83,4,1
1533,2,58,57,7,4,136,81,5,0
1534,1,65,50,4,1,345,69,5,0
1535,1,91,48,14,4,385,91,1,1
1536,0,68,86,15,1,335,91,2,1
1537,7,61,71,0,3,94,65,0,0
1538,2,79,63,15,1,325,92,4,1
1539,2,60,49,4,3,244,84,0,0
1540,5,90,81,2,3,468,68,1,1
1541,7,77,80,19,2,89,58,3,1
1542,8,59,86,14,1,58,86,4,1
1543,8,96,53,12,1,402,47,1,1
1544,3,68,55,15,1,27,62,2,0
1545,4,90,98,10,4,71,92,4,1
1546,1,43,71,20,2,269,81,4,0
1547,10,94,61,1,2,23,74,5,0
1548,8,46,89,5,2,111,70,3,0
1549,7,67,63,5,4,299,92,4,0
1550,2,67,54,13,1,484,74,3,0
1551,10,43,59,10,1,55,71,1,0
1552,8,61,97,7,1,473,97,2,1
1553,2,51,70,7,2,222,44,2,0
1554,8,84,36,0,2,119,55,4,0
1555,1,42,56,20,3,178,56,4,0
1556,9,61,50,6,4,287,71,1,0
1557,8,83,52,5,4,433,77,5,0
1558,7,41,88,20,2,424,97,5,1
1559,8,63,64,7,3,449,71,5,0
1560,4,73,79,18,1,280,91,3,1
1561,10,66,53,20,2,371,59,5,1
1562,10,94,68,19,4,491,87,2,1
1563,1,80,47,7,4,188,95,3,0
1564,7,40,77,13,4,65,41,1,0
1565,5,47,96,17,1,297,59,2,1
1566,7,62,56,15,4,448,86,2,1
1567,10,77,86,8,1,419,57,0,1
1568,4,45,86,14,1,248,40,1,0
1569,9,61,70,9,1,75,97,1,0
1570,1,64,53,15,2,136,68,0,0
1571,5,57,72,3,1,163,68,3,0
1572,4,56,91,19,3,232,58,5,1
1573,4,100,54,12,4,254,83,5,1
1574,0,51,43,4,2,475,79,5,0
1575,1,45,66,6,4,293,45,5,0
1576,7,65,38,8,1,416,83,5,0
1577,2,66,84,7,2,169,78,0,0
1578,9,47,39,15,3,316,89,1,0
1579,2,58,54,5,1,173,93,3,0
1580,7,99,71,15,4,469,85,2,1
1581,7,81,56,5,3,344,47,5,0
1582,1,40,92,13,1,444,63,0,0
1583,7,96,78,20,3,17,59,3,1
1584,10,68,68,0,1,69,93,3,0
1585,0,84,76,8,2,337,53,3,0
1586,5,88,43,12,1,115,44,0,0
1587,7,74,41,18,2,79,80,2,0
1588,2,79,53,16,1,14,79,5,0
1589,7,53,65,10,1,175,73,3,0
1590,0,74,69,7,4,455,99,0,0
1591,10,87,91,4,3,268,55,1,1
1592,10,84,95,9,3,118,84,0,1
1593,8,59,65,6,3,298,46,0,0
1594,10,95,87,9,1,187,55,0,1
1595,8,88,66,3,1,56,46,3,0
1596,4,52,100,8,1,198,66,0,0
1597,9,100,93,13,2,16,53,1,1
1598,3,77,44,1,2,433,53,3,0
1599,10,88,36,8,4,287,83,1,0
1600,5,85,100,20,1,405,72,4,1
1601,6,88,94,0,3,54,72,0,0
1602,4,47,51,9,3,498,83,5,0
1603,10,82,50,9,4,440,59,5,0
1604,9,59,50,19,3,268,92,3,1
1605,8,99,80,2,4,302,86,5,1
1606,2,72,73,5,1,86,75,3,0
1607,6,65,65,5,3,317,46,0,0
1608,9,78,35,20,1,437,71,2,1
1609,9,60,45,1,2,28,87,2,0
1610,10,92,38,17,3,21,42,1,0
1611,4,88,60,1,2,320,78,0,0
1612,6,81,84,11,3,284,68,5,1
1613,1,82,46,4,1,47,63,0,0
1614,3,93,99,19,4,4,61,4,1
1615,1,80,81,6,1,249,45,2,0
1616,6,48,87,15,1,162,87,5,1
1617,1,63,36,19,1,201,63,2,0
1618,10,76,58,0,3,466,79,0,0
1619,0,88,38,0,4,100,62,5,0
1620,8,80,53,16,2,70,93,1,1
1621,0,56,60,0,1,429,77,0,0
1622,7,63,74,20,3,162,49,1,1
1623,1,60,84,19,2,172,55,5,1
1624,7,90,77,12,1,140,50,2,1
1625,2,98,46,8,2,137,71,4,0
1626,5,78,61,14,1,65,84,3,1
1627,2,94,88,2,2,197,100,2,1
1628,6,80,100,13,2,327,45,1,1
1629,9,78,83,10,4,227,63,0,1
1630,8,52,50,11,4,280,72,5,0
1631,1,50,36,12,1,171,92,2,0
1632,4,85,94,12,3,315,90,4,1
1633,5,58,88,0,4,430,51,5,0
1634,3,50,64,9,2,39,95,1,0
1635,3,52,72,2,4,6,66,5,0
1636,3,85,62,3,4,173,77,5,0
1637,1,84,59,15,1,150,57,0,0
1638,3,40,44,7,4,210,84,3,0
1639,10,79,94,15,4,301,78,1,1
1640,0,83,76,16,2,85,94,0,1
1641,5,58,74,18,4,396,52,3,1
1642,0,51,76,14,2,252,92,0,0
1643,9,47,81,15,4,20,79,3,0
1644,5,47,71,14,4,256,69,3,0
1645,0,100,56,1,3,378,92,3,0
1646,5,92,91,10,4,402,88,0,1
1647,9,84,61,0,2,380,80,5,0
1648,7,51,75,14,2,443,91,3,1
1649,10,100,68,18,1,32,52,5,1
1650,1,87,66,3,1,259,73,1,0
1651,1,72,100,10,3,233,75,4,1
1652,3,84,46,4,2,2,69,5,0
1653,10,65,74,2,2,346,100,4,0
1654,2,78,44,12,2,307,64,3,0
1655,3,67,82,9,3,488,41,4,0
1656,6,97,54,10,2,226,75,4,1
1657,10,44,73,17,1,283,57,3,0
1658,0,47,94,1,3,69,44,5,0
1659,5,64,100,6,1,453,58,3,1
1660,2,66,99,8,1,438,81,1,1
1661,10,85,85,9,3,312,57,2,1
1662,9,62,70,17,4,363,96,0,1
1663,6,69,58,6,4,470,71,3,0
1664,9,84,61,6,1,253,60,3,0
1665,1,86,36,2,4,480,49,4,0
1666,1,62,65,11,2,143,76,1,0
1667,3,88,91,6,3,23,88,4,1
1668,0,86,100,16,1,452,61,5,1
1669,2,59,63,0,2,424,52,3,0
1670,8,57,49,4,4,233,94,3,0
1671,6,57,46,15,2,332,56,4,0
1672,6,41,62,14,4,174,48,3,0
1673,10,43,58,1,1,331,63,5,0
1674,3,69,55,8,2,324,83,2,0
1675,1,72,44,6,3,356,53,0,0
1676,3,75,52,3,1,158,85,0,0
1677,5,57,48,19,2,347,47,0,0
1678,10,76,68,17,2,347,94,2,1
1679,10,58,92,20,4,285,76,3,1
1680,2,86,56,3,1,17,58,4,0
1681,0,67,70,12,1,43,67,1,0
1682,7,79,79,0,1,154,85,3,0
1683,4,59,70,2,1,354,80,2,0
1684,4,88,56,15,4,409,69,5,1
1685,10,72,95,3,3,376,46,2,1
1686,3,51,90,15,1,230,98,0,1
1687,5,97,67,18,4,496,97,3,1
1688,2,90,79,0,3,370,65,0,0
1689,8,54,70,4,3,315,79,1,0
1690,4,80,54,18,4,401,85,5,1
1691,2,78,52,10,1,224,93,0,0
1692,10,41,72,12,3,216,99,1,0
1693,0,68,57,19,1,55,85,2,0
1694,9,80,50,4,1,30,50,0,0
1695,5,49,93,20,2,356,53,0,1
1696,1,41,55,3,1,58,60,4,0
1697,2,90,46,3,2,379,47,5,0
1698,0,50,50,3,3,385,42,5,0
1699,8,52,48,3,4,352,67,2,0
1700,7,49,95,19,2,422,100,4,1
1701,1,53,80,20,4,444,68,1,1
1702,10,57,66,17,3,234,62,1,0
1703,7,90,49,17,1,106,57,2,1
1704,8,93,78,15,3,190,74,5,1
1705,0,48,51,8,4,479,52,1,0
1706,4,96,75,17,3,17,51,2,1
1707,7,78,88,1,1,400,86,1,1
1708,10,67,78,20,3,225,89,3,1
1709,1,42,39,3,1,166,44,0,0
1710,3,59,61,11,2,70,78,5,0
1711,6,45,77,6,4,361,50,3,0
1712,2,66,65,14,1,53,97,2,0
1713,4,92,51,6,1,244,98,2,0
1714,7,41,88,20,3,482,50,3,1
1715,9,68,96,16,2,349,98,0,1
1716,2,77,66,15,1,75,86,0,0
1717,3,42,74,18,2,34,81,4,0
1718,8,55,47,8,2,266,86,1,0
1719,6,69,69,13,3,316,70,4,1
1720,0,79,39,16,1,299,70,0,0
1721,3,41,63,4,3,120,52,3,0
1722,3,56,59,1,4,323,53,1,0
1723,8,80,56,19,4,24,88,3,1
1724,5,51,100,15,1,431,84,4,1
1725,8,74,79,13,2,159,81,2,1
1726,5,82,35,13,1,83,64,3,0
1727,5,40,78,0,1,113,72,4,0
1728,4,94,73,2,4,222,72,4,0
1729,4,84,88,6,4,387,54,4,1
1730,1,54,63,14,2,165,55,2,0
1731,7,65,88,18,2,500,83,2,1
1732,7,76,50,19,1,190,97,2,1
1733,10,60,54,1,3,174,95,1,0
1734,0,88,80,18,1,0,77,2,1
1735,7,70,99,8,2,386,45,2,1
1736,4,64,92,18,3,228,83,2,1
1737,1,62,87,4,4,85,64,3,0
1738,1,63,35,17,2,61,54,2,0
1739,5,96,100,15,2,319,43,1,1
1740,10,77,63,3,3,400,95,4,1
1741,8,67,42,11,2,381,43,3,0
1742,0,60,63,6,2,205,69,0,0
1743,5,93,85,13,2,104,73,2,1
1744,8,82,67,11,2,317,66,4,1
1745,7,57,37,2,2,290,70,4,0
1746,10,75,94,4,2,249,95,3,1
1747,5,74,69,16,2,12,71,0,0
1748,2,84,54,9,2,162,83,5,0
1749,7,94,73,9,4,42,78,1,1
1750,8,48,38,10,2,385,91,5,0
1751,0,92,53,16,4,439,48,4,1
1752,8,77,79,4,4,110,80,5,0
1753,5,97,77,12,1,204,47,4,1
1754,5,69,47,9,1,383,53,5,0
1755,3,99,47,8,4,255,72,4,0
1756,0,83,94,16,4,306,62,4,1
1757,9,73,91,0,2,437,60,3,0
1758,7,71,86,3,1,143,94,0,0
1759,1,42,87,3,3,145,51,4,0
1760,0,42,77,17,1,390,96,1,0
1761,1,67,76,8,4,300,41,1,0
1762,0,83,60,17,4,163,52,2,0
1763,0,54,57,13,2,168,98,4,0
1764,8,80,77,14,2,477,43,4,1
1765,0,62,62,5,1,297,59,4,0
1766,3,79,43,9,2,232,89,5,0
1767,9,50,54,14,3,390,90,4,0
1768,5,87,90,3,3,270,87,4,1
1769,6,71,73,17,2,59,98,1,1
1770,1,97,85,17,3,295,53,0,1
1771,5,98,46,16,3,466,69,0,1
1772,6,96,89,11,1,234,68,2,1
1773,9,93,45,6,3,164,47,1,0
1774,9,75,60,15,4,193,51,4,1
1775,1,99,76,10,4,233,80,0,1
1776,1,72,61,13,1,367,77,3,0
1777,9,63,45,2,2,182,65,3,0
1778,6,78,72,18,1,332,89,3,1
1779,0,73,77,17,2,231,41,4,1
1780,7,95,53,9,2,360,94,4,1
1781,10,67,98,5,2,490,79,2,1
1782,2,76,40,12,2,106,95,2,0
1783,10,46,80,9,2,377,53,2,0
1784,5,43,76,17,1,222,45,5,0
1785,8,76,99,19,2,79,81,3,1
1786,5,95,93,15,3,233,79,4,1
1787,8,40,86,5,3,380,70,3,0
1788,6,40,81,12,2,183,56,2,0
1789,8,86,41,3,3,427,64,4,0
1790,1,59,45,13,4,184,100,1,0
1791,7,58,95,0,1,133,71,0,0
1792,7,68,59,19,1,219,51,0,0
1793,1,49,46,4,2,287,88,2,0
1794,3,99,60,7,2,363,52,3,0
1795,10,57,46,11,4,201,58,1,0
1796,6,67,77,1,2,369,83,4,0
1797,10,74,85,11,3,145,87,3,1
1798,3,82,71,4,4,323,64,2,0
1799,3,86,80,4,3,126,70,3,0
1800,5,70,87,12,1,456,98,2,1
1801,9,66,47,8,3,134,76,5,0
1802,5,50,88,9,1,113,64,0,0
1803,9,88,91,0,3,263,55,0,0
1804,2,88,38,2,1,63,96,3,0
1805,8,77,83,17,2,490,77,1,1
1806,9,44,41,11,3,134,82,4,0
1807,10,47,45,2,1,40,88,2,0
1808,1,73,88,8,3,295,97,4,1
1809,5,87,79,1,4,2,62,0,0
1810,6,91,57,2,2,400,53,1,0
1811,8,95,62,13,1,193,45,1,1
1812,2,51,91,3,4,462,64,4,0
1813,9,77,60,18,3,109,62,0,1
1814,2,40,59,12,4,220,99,4,0
1815,6,70,88,6,3,369,82,3,1
1816,3,43,63,11,2,367,51,1,0
1817,7,88,70,2,4,435,52,1,0
1818,6,84,48,8,2,405,75,3,0
1819,4,89,69,1,1,3,78,0,0
1820,6,44,64,8,3,243,73,1,0
1821,2,69,51,11,3,389,45,5,0
1822,1,95,64,11,2,165,77,5,1
1823,5,63,79,14,2,25,89,5,1
1824,1,98,85,1,1,394,91,2,1
1825,2,42,81,17,4,473,79,2,1
1826,5,50,87,12,3,16,47,0,0
1827,4,84,98,13,3,215,100,3,1
1828,7,43,72,4,1,91,47,4,0
1829,8,65,98,9,1,482,79,0,1
1830,10,66,41,11,2,30,72,4,0
1831,2,85,56,9,2,204,73,0,0
1832,9,93,75,10,4,418,83,2,1
1833,2,82,44,1,1,399,54,5,0
1834,2,66,91,4,4,206,75,3,0
1835,5,81,41,6,1,106,99,2,0
1836,0,90,84,5,3,145,96,3,1
1837,6,89,86,2,1,366,74,4,1
1838,0,45,67,12,1,100,85,0,0
1839,4,98,35,2,3,367,61,1,0
1840,9,100,87,20,1,317,62,1,1
1841,7,54,94,5,4,367,79,3,0
1842,3,92,68,10,2,240,84,5,1
1843,4,69,38,16,2,488,94,5,0
1844,3,81,51,9,4,410,90,3,0
1845,3,76,38,11,3,246,61,2,0
1846,7,97,77,16,1,162,44,1,1
1847,1,100,38,3,4,371,70,2,0
1848,0,76,35,1,2,172,52,4,0
1849,2,81,84,10,2,34,67,1,0
1850,8,99,95,6,4,283,97,4,1
1851,3,76,69,1,2,358,59,0,0
1852,9,74,42,17,4,380,72,2,1
1853,4,62,58,20,2,357,55,3,0
1854,1,45,70,3,4,392,68,1,0
1855,3,43,84,7,1,459,62,2,0
1856,1,57,77,19,1,398,63,3,1
1857,1,99,61,13,1,20,73,0,1
1858,3,48,66,11,1,307,46,1,0
1859,5,88,52,20,2,162,77,4,1
1860,6,68,62,17,3,489,76,0,1
1861,9,52,63,10,4,96,100,5,0
1862,2,98,50,7,3,306,43,3,0
1863,2,86,81,1,2,338,73,1,0
1864,9,91,93,14,2,54,81,1,1
1865,5,56,65,8,3,470,61,0,0
1866,2,84,38,18,3,332,44,1,0
1867,1,71,71,19,2,126,89,3,1
1868,7,87,51,7,2,427,81,0,0
1869,4,61,73,18,4,192,62,4,1
1870,0,43,82,4,1,242,93,0,0
1871,2,44,80,10,1,348,99,0,0
1872,9,76,82,14,4,87,54,4,1
1873,7,80,73,7,3,335,70,5,1
1874,3,88,38,18,2,408,98,3,1
1875,6,52,64,7,3,214,48,5,0
1876,9,73,64,18,1,91,82,5,1
1877,1,84,56,17,1,302,97,5,1
1878,6,61,100,9,3,463,92,2,1
1879,4,92,46,6,1,234,64,5,0
1880,4,98,70,8,2,183,64,2,1
1881,5,62,52,0,4,37,100,4,0
1882,8,90,87,18,3,138,88,3,1
1883,5,42,35,4,2,194,60,5,0
1884,7,81,92,18,2,14,48,1,1
1885,6,73,40,0,1,256,94,4,0
1886,8,71,78,14,2,134,87,2,1
1887,3,84,58,15,3,0,77,3,0
1888,1,90,53,6,2,48,61,0,0
1889,6,97,52,11,4,95,82,3,1
1890,5,88,64,7,2,200,62,3,0
1891,0,60,76,4,2,412,88,5,0
1892,10,85,67,9,4,25,43,5,0
1893,8,83,46,20,2,342,68,2,1
1894,8,60,61,4,2,428,54,2,0
1895,1,83,73,16,1,234,40,5,1
1896,2,50,43,4,3,348,93,5,0
1897,4,78,55,14,1,243,69,1,0
1898,4,43,63,12,3,357,68,1,0
1899,0,90,67,0,4,480,59,4,0
1900,7,40,96,10,4,326,72,5,1
1901,7,67,49,0,4,395,80,0,0
1902,3,63,36,10,3,350,83,1,0
1903,6,100,86,17,3,415,75,2,1
1904,10,74,78,17,3,373,99,3,1
1905,9,52,88,20,4,403,61,4,1
1906,2,86,52,15,3,374,52,1,0
1907,5,73,37,12,2,50,46,3,0
1908,9,50,41,6,1,80,47,3,0
1909,9,75,77,0,4,35,67,1,0
1910,8,90,72,15,1,66,84,0,1
1911,0,100,71,0,2,128,82,0,0
1912,4,56,92,16,3,369,48,4,1
1913,3,74,67,5,1,154,64,0,0
1914,7,99,93,1,2,244,95,4,1
1915,10,57,45,16,2,110,55,2,0
1916,0,79,56,5,1,167,49,1,0
1917,8,61,100,13,4,480,50,3,1
1918,5,96,78,17,1,467,70,4,1
1919,3,63,40,5,4,141,51,0,0
1920,8,97,76,9,3,355,99,4,1
1921,10,58,59,17,4,196,70,5,1
1922,4,76,91,8,3,470,53,4,1
1923,4,78,89,7,1,108,90,0,1
1924,4,60,50,9,3,375,83,5,0
1925,0,47,48,16,2,78,71,5,0
1926,0,67,73,5,3,389,89,0,0
1927,7,44,62,13,4,160,92,5,0
1928,7,56,85,5,4,438,56,1,0
1929,5,76,83,6,4,18,74,3,0
1930,10,75,43,11,3,126,40,1,0
1931,3,93,92,2,4,204,68,1,1
1932,1,58,79,13,4,28,90,0,0
1933,1,66,56,18,2,444,100,0,1
1934,8,92,66,15,3,453,43,3,1
1935,4,73,76,6,2,206,62,4,0
1936,3,50,87,7,4,463,67,1,0
1937,9,93,93,17,4,279,55,5,1
1938,0,84,73,12,4,150,51,3,0
1939,6,86,49,20,3,239,92,1,1
1940,2,51,63,8,1,265,60,4,0
1941,5,93,37,9,4,181,84,5,0
1942,4,60,44,20,4,104,56,1,0
1943,4,93,63,8,4,424,79,2,1
1944,10,50,69,14,4,432,52,3,0
1945,4,78,40,19,3,400,91,0,1
1946,0,67,46,1,1,496,97,1,0
1947,0,44,72,12,1,439,71,5,0
1948,2,56,53,1,1,235,76,5,0
1949,9,95,42,18,4,172,89,3,1
1950,3,59,42,1,4,157,54,3,0
1951,4,80,81,2,1,171,51,5,0
1952,1,85,38,5,1,493,100,5,0
1953,7,97,85,2,4,457,88,5,1
1954,10,51,79,9,4,310,96,1,0
1955,10,45,42,5,2,402,54,5,0
1956,1,56,50,15,2,156,73,0,0
1957,8,90,43,16,2,257,45,5,1
1958,1,58,94,18,1,163,56,0,1
1959,8,65,49,2,3,146,87,1,0
1960,6,87,75,17,4,390,88,3,1
1961,7,83,56,6,2,153,96,0,0
1962,10,83,58,8,3,462,59,1,0
1963,1,91,78,19,4,366,48,5,1
1964,6,71,35,11,3,37,98,1,0
1965,5,45,44,4,1,130,44,5,0
1966,3,94,90,2,1,357,62,1,1
1967,6,97,84,10,1,254,72,3,1
1968,3,75,46,3,2,207,77,0,0
1969,1,77,94,4,4,449,95,3,1
1970,9,50,60,0,1,94,53,2,0
1971,6,72,75,17,2,347,56,5,1
1972,7,63,70,11,2,326,96,0,1
1973,1,62,57,12,2,477,58,3,0
1974,4,54,77,8,2,170,72,0,0
1975,0,66,40,1,1,249,40,2,0
1976,6,50,77,4,2,189,52,4,0
1977,7,96,59,12,1,198,85,5,1
1978,5,90,52,15,1,483,66,5,1
1979,4,89,96,15,2,220,45,1,1
1980,5,56,47,2,1,23,98,5,0
1981,1,90,77,3,4,243,45,5,0
1982,0,92,62,10,4,422,72,3,1
1983,6,53,52,13,3,323,69,5,0
1984,6,66,93,2,4,127,85,5,0
1985,9,57,94,15,1,92,74,2,1
1986,10,67,97,14,1,299,62,2,1
1987,9,90,91,9,4,132,49,0,1
1988,1,86,85,8,2,54,90,0,1
1989,1,86,90,10,2,476,58,5,1
1990,0,43,61,15,1,157,90,5,0
1991,9,46,66,9,2,28,67,1,0
1992,7,84,43,16,3,409,62,0,0
1993,7,74,80,18,3,210,43,3,1
1994,0,87,60,1,4,153,59,5,0
1995,10,48,42,1,4,292,58,3,0
1996,7,47,40,5,2,474,81,5,0
1997,8,91,58,18,1,221,66,3,1
1998,3,84,82,7,4,114,96,4,1
1999,0,56,79,2,3,436,73,3,0
2000,0,56,47,13,4,157,43,0,0
