id,hotel_type,lead_time_days,stay_length,num_adults,num_children,season,price_per_night,previous_bookings,special_requests,demand_label
1,0,302,11,1,0,4,306,6,2,0
2,1,11,4,2,1,1,207,0,4,1
3,0,317,1,3,1,1,289,4,2,0
4,0,79,13,1,2,1,339,1,1,0
5,0,215,6,3,1,4,184,5,2,1
6,1,338,4,3,1,1,251,6,1,0
7,0,263,5,2,0,1,139,6,0,0
8,0,148,5,1,2,1,153,2,3,0
9,0,80,9,3,2,1,285,6,4,0
10,1,214,1,1,2,2,124,4,3,0
11,0,197,13,1,1,1,147,7,3,0
12,0,199,2,2,2,1,147,7,3,0
13,0,24,13,1,0,2,260,6,1,1
14,0,88,6,1,2,2,273,5,1,0
15,1,267,5,3,0,4,263,1,4,0
16,0,142,11,2,2,3,148,5,1,1
17,1,58,7,1,2,1,120,8,1,1
18,1,364,3,3,0,1,330,1,1,0
19,1,25,3,2,2,1,153,0,1,1
20,0,46,10,2,2,4,86,4,0,1
21,1,287,2,3,2,1,273,5,4,0
22,0,265,13,3,1,3,133,2,1,0
23,1,15,3,3,0,2,120,7,4,1
24,1,198,10,3,2,4,245,6,2,0
25,1,281,1,3,0,2,90,1,0,0
26,1,85,5,1,0,1,278,6,1,0
27,1,249,12,1,0,1,71,0,0,0
28,1,269,5,2,2,1,91,8,0,0
29,1,334,12,1,2,3,219,6,2,0
30,1,116,11,1,0,3,296,5,4,0
31,0,6,7,1,1,4,286,1,0,1
32,0,136,4,3,0,2,240,2,3,0
33,1,175,3,2,1,1,105,0,2,0
34,1,327,1,2,0,1,139,9,3,0
35,1,314,12,2,0,1,194,4,2,0
36,0,214,8,2,0,1,319,8,3,0
37,1,81,13,1,2,3,306,5,3,1
38,0,222,3,1,1,2,218,4,0,0
39,0,102,13,3,1,2,262,2,0,0
40,0,272,2,2,0,4,171,4,2,0
41,0,13,11,1,2,3,178,7,4,1
42,0,158,4,1,2,1,76,1,0,1
43,1,151,3,3,1,2,286,4,0,0
44,1,107,13,3,2,2,176,5,1,1
45,1,187,1,3,1,3,102,9,0,1
46,1,300,3,1,1,4,174,7,4,0
47,1,97,12,1,1,4,342,7,1,1
48,0,130,2,3,2,1,96,4,3,1
49,1,292,8,2,1,4,172,8,3,0
50,1,170,6,3,1,2,94,3,1,1
51,0,182,9,3,0,4,191,8,1,1
52,1,363,8,3,1,1,287,6,1,0
53,0,38,10,3,1,2,206,5,2,1
54,1,14,3,1,0,4,181,3,4,1
55,0,3,5,2,0,4,140,1,4,1
56,1,348,7,3,2,3,232,7,3,0
57,1,209,5,2,1,1,213,5,3,0
58,0,160,8,2,2,4,209,2,3,1
59,0,15,12,2,2,3,117,6,0,1
60,0,107,5,3,0,2,122,9,3,1
61,0,310,1,1,2,3,215,6,1,0
62,0,226,5,3,1,3,227,5,3,0
63,0,169,4,2,0,4,225,1,1,1
64,0,33,6,2,1,4,144,7,2,1
65,0,250,3,1,1,4,196,0,0,0
66,1,246,11,3,0,3,248,0,0,0
67,1,268,5,2,1,2,61,5,4,0
68,0,140,2,1,0,1,165,4,2,0
69,1,273,11,2,1,3,131,8,1,0
70,1,95,6,1,0,4,185,6,2,1
71,1,226,13,1,2,1,229,1,0,0
72,1,38,12,3,1,2,264,6,1,1
73,0,301,6,2,0,1,254,2,2,0
74,1,28,5,3,1,4,217,0,0,1
75,0,317,6,2,1,3,200,7,1,0
76,1,244,11,3,1,3,334,2,1,0
77,1,235,7,2,0,4,66,7,0,1
78,1,184,12,3,2,3,113,6,1,1
79,0,271,5,1,2,4,163,1,0,0
80,1,235,1,2,2,3,120,0,3,0
81,0,238,8,2,0,3,146,6,3,0
82,1,265,4,1,2,3,317,0,1,0
83,0,358,9,3,0,2,237,5,1,0
84,1,339,10,2,1,2,301,9,0,0
85,0,64,12,2,1,4,262,9,1,1
86,0,176,6,3,2,2,90,7,4,1
87,1,2,1,1,0,4,348,6,3,1
88,0,141,3,3,1,1,139,3,1,1
89,1,157,3,3,0,1,70,0,1,1
90,1,323,10,3,0,2,313,0,2,0
91,1,145,12,2,1,1,346,3,1,0
92,1,292,12,1,0,1,235,4,4,0
93,1,152,4,1,1,3,185,6,3,1
94,1,192,6,3,1,3,106,3,2,1
95,1,72,7,2,1,4,265,9,0,1
96,1,304,10,3,0,1,166,0,0,0
97,1,343,4,2,1,4,334,9,3,0
98,1,139,6,2,0,4,182,6,0,1
99,1,186,11,2,1,1,193,1,4,0
100,0,292,1,2,1,2,166,1,1,0
101,0,60,8,1,2,1,109,7,3,1
102,1,197,7,2,2,3,154,9,2,1
103,1,294,11,2,2,1,327,9,1,0
104,1,318,11,3,0,2,82,9,0,0
105,1,301,9,3,0,4,113,4,0,0
106,1,343,3,1,1,4,313,9,2,0
107,1,10,2,3,1,3,294,1,4,1
108,1,61,1,2,1,3,118,4,2,1
109,1,332,3,3,1,3,223,7,3,0
110,0,225,5,1,0,4,318,5,2,0
111,1,152,11,3,1,3,275,2,0,0
112,0,198,2,3,1,1,242,7,4,0
113,1,51,12,1,2,4,116,8,4,1
114,1,259,3,1,1,2,204,4,2,0
115,0,58,4,2,1,4,149,1,3,1
116,1,71,7,3,1,1,104,1,0,1
117,0,147,13,2,0,1,316,6,1,0
118,1,348,3,3,2,3,80,0,4,0
119,1,62,9,3,1,4,80,9,2,1
120,0,309,8,2,1,4,111,1,3,0
121,1,242,4,3,2,4,230,9,3,0
122,0,329,13,3,1,2,126,3,0,0
123,1,106,1,3,0,3,172,0,4,1
124,0,225,1,1,1,1,219,3,0,0
125,0,312,1,2,0,1,325,9,1,0
126,1,217,1,1,0,3,291,4,1,0
127,1,240,8,2,1,1,127,8,1,0
128,0,258,3,2,2,1,87,0,3,0
129,1,261,6,3,0,3,175,4,4,0
130,1,4,3,2,2,1,110,1,0,1
131,1,260,11,1,1,4,240,8,0,0
132,0,53,5,1,0,2,319,5,1,0
133,0,46,13,1,1,3,138,1,4,1
134,0,214,13,2,2,2,332,2,4,0
135,0,176,7,1,1,1,167,7,2,0
136,0,8,2,2,1,1,133,0,4,1
137,0,98,6,1,0,4,234,2,4,1
138,0,19,13,1,1,3,243,9,0,1
139,0,240,6,2,1,1,82,0,4,0
140,0,60,11,1,1,3,333,7,4,1
141,1,177,3,3,0,3,188,0,0,0
142,0,337,6,2,2,3,245,4,4,0
143,1,61,10,2,2,3,118,3,0,1
144,1,144,10,2,1,3,60,6,2,1
145,1,215,5,3,0,2,190,4,3,0
146,0,2,12,2,1,4,126,7,0,1
147,0,159,2,1,2,3,344,0,0,0
148,0,226,9,1,0,2,148,4,4,0
149,0,268,8,1,2,1,159,3,0,0
150,1,119,3,2,2,3,248,2,1,1
151,0,88,8,1,0,1,300,4,1,0
152,0,328,9,2,0,3,329,9,2,0
153,0,67,3,1,1,2,278,2,0,0
154,0,356,3,3,1,2,235,7,4,0
155,0,97,2,3,2,2,292,2,4,0
156,1,266,8,3,0,4,210,0,3,0
157,0,104,10,3,0,1,336,8,2,0
158,1,322,1,2,1,4,288,8,4,0
159,0,122,8,1,2,3,230,5,3,1
160,1,28,7,3,2,1,282,9,4,1
161,0,136,7,2,1,2,272,0,3,0
162,0,194,3,3,0,1,341,7,1,0
163,1,225,1,3,1,2,100,1,1,0
164,1,331,4,2,1,4,181,8,4,0
165,1,169,9,2,1,4,286,7,2,0
166,0,8,5,1,1,2,147,2,0,1
167,1,39,1,1,0,2,326,4,2,1
168,0,24,5,3,1,3,88,8,2,1
169,0,260,13,3,0,4,306,0,0,0
170,1,225,8,1,1,4,303,8,1,0
171,1,123,8,1,2,3,120,3,1,1
172,0,37,5,2,0,4,206,3,0,1
173,0,327,12,1,2,2,233,3,3,0
174,1,250,9,1,1,1,337,9,2,0
175,1,175,1,3,1,1,201,8,4,0
176,1,89,4,1,1,4,103,5,1,1
177,0,36,3,3,0,3,203,7,4,1
178,0,315,2,1,2,2,114,3,0,0
179,0,175,8,2,0,1,220,2,4,0
180,0,283,7,1,0,2,344,0,4,0
181,0,80,9,1,1,4,257,9,2,1
182,0,113,2,1,2,4,218,6,0,1
183,1,39,4,3,1,1,139,3,4,1
184,0,300,6,2,0,4,90,7,1,0
185,0,223,11,1,1,3,171,2,0,0
186,0,317,3,3,2,4,105,0,1,0
187,1,348,8,2,1,4,264,4,3,0
188,0,114,3,3,2,4,111,1,4,1
189,0,185,12,3,2,2,197,2,0,0
190,1,322,13,2,1,2,133,5,1,0
191,0,55,13,1,0,1,100,2,4,1
192,0,39,2,3,1,1,136,2,2,1
193,0,353,13,3,0,1,246,5,1,0
194,0,39,13,1,0,4,111,4,1,1
195,0,346,3,1,1,2,146,9,3,0
196,1,236,11,2,0,3,168,8,2,0
197,1,288,6,2,0,4,284,0,3,0
198,1,261,2,2,1,4,307,2,2,0
199,0,215,8,1,1,4,128,2,1,1
200,0,146,1,3,1,3,179,5,3,1
201,0,335,7,3,0,1,126,7,4,0
202,1,167,2,2,2,3,120,2,2,1
203,0,91,10,1,0,1,250,2,1,0
204,0,352,12,3,2,3,248,5,0,0
205,1,58,6,2,1,2,210,7,2,1
206,0,58,12,3,2,4,345,5,2,1
207,1,303,2,3,1,4,155,9,4,0
208,1,168,2,1,1,4,322,2,2,0
209,1,268,10,1,2,1,156,3,2,0
210,0,362,13,3,1,3,172,0,4,0
211,0,44,8,2,2,2,184,7,4,1
212,0,344,12,1,1,3,191,3,3,0
213,0,180,2,3,0,4,180,5,1,1
214,0,169,7,1,0,2,256,2,1,0
215,0,355,3,1,1,2,181,5,3,0
216,0,190,8,1,1,4,341,8,1,0
217,1,154,7,3,2,3,319,8,2,0
218,0,187,8,2,0,4,98,9,3,1
219,1,6,7,2,2,3,113,2,3,1
220,0,132,11,2,1,2,220,2,1,0
221,0,234,6,1,1,2,348,3,0,0
222,0,44,13,3,2,4,259,6,1,1
223,1,313,7,1,1,2,335,2,0,0
224,1,248,5,2,0,1,75,9,3,0
225,1,30,7,2,2,2,232,7,0,1
226,1,22,1,3,0,1,307,7,2,1
227,0,159,1,1,0,2,277,5,4,0
228,1,362,9,2,0,4,146,3,0,0
229,0,157,5,3,2,4,141,4,4,1
230,0,38,13,1,1,1,121,1,2,1
231,1,81,5,1,0,4,346,5,4,1
232,1,355,3,2,0,2,101,2,2,0
233,1,257,5,2,0,2,71,5,4,0
234,1,205,3,1,1,4,293,4,4,0
235,1,76,9,1,1,2,190,1,1,1
236,1,11,9,2,2,3,174,4,0,1
237,1,294,6,1,1,3,277,4,4,0
238,1,223,1,2,2,2,196,8,3,0
239,0,12,7,1,2,4,165,7,1,1
240,1,45,7,2,2,1,238,6,0,1
241,1,154,10,3,2,4,75,2,1,1
242,0,112,10,2,2,1,301,9,0,0
243,1,232,4,2,0,4,285,3,2,0
244,0,16,8,3,1,2,301,5,4,1
245,0,359,6,1,0,3,200,2,3,0
246,1,222,4,3,2,4,258,8,1,0
247,0,353,4,2,1,1,171,7,1,0
248,0,187,2,1,0,3,186,5,1,0
249,0,343,2,3,0,1,80,3,1,0
250,0,364,12,1,2,2,206,6,4,0
251,1,162,4,1,0,3,148,2,0,1
252,0,325,5,3,0,1,262,9,4,0
253,1,73,8,1,0,4,144,7,2,1
254,0,232,6,3,0,2,226,0,4,0
255,0,223,4,2,0,2,131,2,4,0
256,0,318,13,1,2,2,68,4,2,0
257,0,59,11,2,2,4,340,4,4,1
258,1,334,7,2,0,4,317,9,0,0
259,1,221,8,1,2,3,334,1,3,0
260,0,36,2,3,2,4,297,9,2,1
261,0,277,12,1,1,3,79,7,1,0
262,1,195,7,2,0,2,292,4,0,0
263,0,351,2,2,2,3,280,6,3,0
264,0,241,2,3,2,1,76,6,0,0
265,0,323,8,1,0,2,148,4,0,0
266,1,218,2,2,1,2,255,7,1,0
267,1,191,11,2,0,3,143,8,3,1
268,1,16,9,2,1,2,146,3,0,1
269,0,11,12,3,0,4,213,3,1,1
270,0,192,1,2,0,1,287,7,2,0
271,1,21,9,2,0,3,323,0,1,1
272,1,119,1,1,0,3,282,3,4,0
273,1,209,10,1,1,2,180,5,1,0
274,1,305,13,2,1,4,232,3,1,0
275,0,269,10,2,2,2,63,5,1,0
276,1,191,2,1,0,2,187,4,0,0
277,0,174,6,3,1,3,169,8,3,1
278,1,284,6,3,1,2,96,9,1,0
279,0,203,1,3,1,1,130,8,1,0
280,1,163,7,3,0,2,348,3,4,0
281,1,250,8,3,2,2,90,3,4,0
282,1,226,2,3,1,3,327,7,2,0
283,1,6,8,3,0,2,70,9,2,1
284,0,28,9,3,1,4,91,3,4,1
285,1,32,6,1,1,3,116,1,3,1
286,0,133,5,3,2,2,225,1,2,0
287,0,78,12,3,1,1,247,0,3,0
288,0,57,9,3,1,1,78,4,4,1
289,0,25,13,2,0,3,175,5,2,1
290,1,225,12,1,0,3,243,8,1,0
291,0,284,11,1,2,2,329,4,4,0
292,0,3,9,1,0,4,92,5,2,1
293,0,98,1,3,0,2,69,5,3,1
294,1,38,11,3,2,1,139,2,3,1
295,1,270,3,2,1,4,251,3,2,0
296,1,284,9,1,2,4,249,0,3,0
297,1,156,11,3,0,4,127,3,2,1
298,0,74,2,1,2,2,184,0,2,1
299,0,287,12,2,1,1,118,4,3,0
300,1,129,4,2,2,3,156,7,0,1
301,0,174,4,2,0,2,334,7,1,0
302,0,83,2,1,0,3,208,4,4,1
303,0,21,3,3,2,4,337,9,1,1
304,1,26,13,3,1,4,324,1,4,1
305,1,194,3,2,2,2,68,5,4,1
306,0,336,1,3,1,1,342,0,1,0
307,1,235,6,2,1,4,332,6,2,0
308,1,91,8,1,2,3,67,3,3,1
309,1,20,12,2,1,3,267,4,0,1
310,1,302,3,1,0,2,184,5,0,0
311,1,356,5,2,2,3,182,0,0,0
312,0,83,1,3,1,1,92,8,1,1
313,1,261,10,3,0,4,60,9,1,1
314,0,146,7,2,2,3,263,3,2,0
315,0,256,10,3,0,3,65,7,0,1
316,1,57,13,3,0,4,64,4,2,1
317,0,14,1,3,0,2,139,7,0,1
318,0,161,12,1,1,3,333,0,1,0
319,0,162,11,3,2,2,236,7,3,0
320,1,319,9,1,2,2,195,3,3,0
321,1,280,8,2,1,3,84,1,3,0
322,0,279,7,3,2,1,242,5,3,0
323,1,11,10,3,0,2,227,1,4,1
324,1,273,7,3,2,3,237,4,0,0
325,1,270,5,2,1,2,154,1,3,0
326,1,207,5,1,0,4,92,2,4,1
327,0,26,11,1,1,1,170,5,4,1
328,0,71,13,3,0,1,205,0,4,1
329,1,59,5,2,0,4,290,5,2,1
330,1,144,1,2,2,4,331,2,2,0
331,0,92,8,2,0,2,97,6,4,1
332,0,308,12,2,1,4,194,1,3,0
333,1,7,11,2,2,1,294,5,0,1
334,0,78,1,1,1,4,219,7,1,1
335,1,26,4,1,0,3,97,0,2,1
336,1,173,9,1,1,3,209,8,3,1
337,0,49,9,3,1,2,88,4,3,1
338,0,198,5,2,0,1,203,4,1,0
339,1,348,4,3,2,3,135,4,1,0
340,1,180,3,2,1,4,204,5,3,1
341,0,23,3,1,0,3,288,1,1,1
342,1,315,12,3,2,3,123,5,3,0
343,0,45,5,1,2,2,328,3,1,0
344,1,14,10,2,2,4,243,7,1,1
345,0,152,1,2,1,4,320,8,3,0
346,0,221,5,2,1,4,327,8,4,0
347,0,205,6,1,1,2,228,7,3,0
348,1,272,7,2,2,4,318,2,0,0
349,1,235,12,1,1,4,286,9,1,0
350,0,339,9,3,0,3,92,3,2,0
351,1,227,3,2,1,3,273,0,1,0
352,0,8,2,2,1,4,109,8,0,1
353,0,165,3,2,2,1,269,4,2,0
354,1,318,12,3,1,1,88,5,2,0
355,1,213,9,2,0,4,98,2,3,1
356,0,116,12,1,2,1,159,9,4,1
357,1,343,7,1,0,2,232,7,3,0
358,1,71,9,2,2,3,76,6,2,1
359,0,63,13,2,2,2,115,0,2,1
360,0,204,2,3,1,3,285,9,4,0
361,1,208,5,3,0,1,105,4,1,0
362,0,71,13,3,2,1,126,9,4,1
363,0,276,4,2,1,4,256,8,3,0
364,1,273,2,3,2,1,201,5,1,0
365,0,319,9,3,2,1,82,7,3,0
366,0,337,9,1,2,4,153,9,4,0
367,1,94,6,3,2,4,301,0,1,1
368,1,165,11,1,2,3,296,9,4,0
369,0,31,6,1,2,1,113,6,0,1
370,0,10,8,3,1,3,197,2,2,1
371,1,300,6,1,2,3,331,8,1,0
372,1,216,1,2,0,2,100,5,2,0
373,1,288,4,2,1,1,157,4,0,0
374,1,101,13,3,0,1,242,7,1,0
375,0,266,7,2,2,2,187,7,2,0
376,1,213,13,1,0,3,288,2,2,0
377,1,178,13,2,2,1,145,1,1,0
378,0,87,2,3,2,3,315,1,2,1
379,1,40,9,3,1,2,268,4,2,1
380,0,75,8,1,1,4,274,9,1,1
381,1,45,8,3,2,3,159,6,2,1
382,1,159,7,2,1,1,108,7,2,1
383,1,79,4,3,0,4,260,9,3,1
384,0,309,2,1,1,3,317,7,3,0
385,0,85,3,3,1,3,237,7,0,1
386,1,91,12,2,0,4,304,9,3,1
387,0,147,6,1,1,4,182,2,3,1
388,0,160,12,2,2,4,230,1,0,1
389,0,201,12,1,0,1,195,3,2,0
390,0,241,5,3,2,1,118,0,2,0
391,0,352,12,1,0,3,252,2,3,0
392,0,1,8,1,2,3,327,8,0,1
393,1,224,6,3,2,2,319,6,2,0
394,1,288,6,2,1,1,154,6,4,0
395,0,232,1,3,2,3,184,0,1,0
396,1,76,4,1,1,4,100,6,1,1
397,1,115,5,3,0,4,313,9,1,1
398,1,153,12,1,2,1,66,6,3,1
399,1,102,11,3,2,4,275,3,1,1
400,0,193,3,3,0,2,128,6,1,1
401,1,165,13,2,0,3,128,7,4,1
402,1,358,9,1,2,3,140,2,2,0
403,0,89,1,2,0,3,89,9,4,1
404,0,173,6,1,1,1,132,1,3,0
405,1,121,6,3,0,4,321,6,1,1
406,1,142,10,1,0,2,148,4,2,1
407,1,105,5,2,2,1,267,4,1,0
408,1,304,12,2,1,3,272,4,1,0
409,1,359,5,2,0,2,325,6,3,0
410,1,316,10,1,1,3,266,8,1,0
411,0,122,13,2,1,3,136,7,0,1
412,1,8,5,2,1,1,347,5,2,1
413,1,261,6,2,2,3,106,6,2,0
414,0,72,8,3,0,2,169,8,0,1
415,0,358,2,3,2,3,259,5,3,0
416,0,222,6,1,0,4,269,0,1,0
417,0,40,1,1,0,3,213,3,1,1
418,1,203,4,2,2,1,69,7,2,0
419,1,263,10,3,1,2,216,6,3,0
420,1,327,3,2,1,1,320,2,3,0
421,1,177,9,2,0,4,136,9,3,1
422,1,347,3,3,2,3,316,2,1,0
423,1,317,6,3,1,1,190,2,3,0
424,0,83,1,3,1,1,126,0,0,1
425,1,317,12,1,0,1,287,9,4,0
426,0,110,6,1,0,1,222,0,3,0
427,0,250,4,2,2,4,74,5,4,1
428,1,6,8,1,0,4,291,0,1,1
429,0,83,13,3,1,3,254,4,3,1
430,1,207,11,3,1,3,89,3,2,1
431,0,313,9,1,1,2,279,4,1,0
432,1,21,4,2,1,4,206,6,0,1
433,0,2,10,2,2,1,318,5,0,1
434,1,126,12,1,2,1,202,8,4,0
435,1,296,10,2,0,2,294,5,4,0
436,1,187,6,2,0,1,174,8,2,0
437,1,361,1,2,0,2,149,3,2,0
438,1,13,4,3,2,3,267,0,0,1
439,0,11,7,3,1,4,223,0,3,1
440,0,86,12,1,0,2,143,9,0,1
441,0,11,1,3,1,1,136,6,0,1
442,1,24,8,2,0,2,220,2,2,1
443,0,300,12,3,0,3,64,1,4,0
444,1,242,10,1,0,1,137,5,2,0
445,1,121,12,3,0,3,150,5,2,1
446,0,146,11,2,0,3,146,6,2,1
447,0,54,6,2,1,2,329,4,0,0
448,1,237,5,1,0,3,163,7,3,0
449,0,355,10,3,1,1,234,6,0,0
450,1,172,11,3,2,3,113,1,1,1
451,1,220,9,3,0,3,270,0,2,0
452,1,118,2,2,1,2,154,8,2,1
453,1,308,5,1,2,3,282,4,1,0
454,1,182,6,3,2,4,68,4,2,1
455,0,287,7,2,2,2,112,9,2,0
456,0,306,5,2,1,2,136,3,2,0
457,1,299,9,2,0,1,265,1,1,0
458,1,81,1,3,0,1,171,4,0,1
459,0,210,7,3,1,1,224,1,2,0
460,0,149,10,3,0,1,338,6,3,0
461,1,36,7,3,1,4,86,8,1,1
462,0,351,4,3,0,2,129,8,4,0
463,1,311,9,3,2,3,277,5,1,0
464,0,360,12,3,0,1,248,0,0,0
465,1,58,11,3,1,1,183,5,1,1
466,0,130,5,3,1,1,78,4,4,1
467,1,201,4,2,2,3,316,3,3,0
468,0,242,13,3,1,1,81,5,4,0
469,0,34,7,1,0,3,99,5,1,1
470,1,92,4,2,0,2,97,5,4,1
471,0,206,3,3,2,2,107,1,1,0
472,1,352,9,1,1,2,242,6,3,0
473,0,331,11,3,2,4,134,3,3,0
474,1,304,8,1,0,3,268,8,0,0
475,0,349,1,1,2,1,242,9,3,0
476,1,212,7,1,1,1,166,1,2,0
477,0,158,9,1,2,1,247,4,4,0
478,1,23,8,2,1,1,323,3,4,1
479,0,292,8,2,1,4,145,8,1,0
480,1,3,13,1,0,1,196,3,3,1
481,1,219,6,3,0,4,154,7,0,1
482,1,363,11,1,0,3,304,7,0,0
483,0,19,4,2,1,2,149,5,0,1
484,1,151,8,3,2,1,118,5,2,1
485,0,49,3,2,1,2,87,7,3,1
486,1,176,13,2,0,3,131,9,0,1
487,0,95,9,3,0,3,329,8,2,1
488,1,104,13,1,2,1,83,4,4,1
489,0,249,2,1,0,3,171,0,1,0
490,0,116,2,1,0,2,115,0,3,1
491,1,353,12,1,0,1,282,1,3,0
492,0,227,13,3,2,4,179,9,4,1
493,0,65,12,3,1,1,238,9,3,1
494,1,334,7,3,0,2,347,4,3,0
495,0,261,12,2,2,1,340,3,3,0
496,0,294,10,3,0,1,248,0,3,0
497,0,242,4,1,2,2,125,3,2,0
498,1,185,10,2,0,1,308,3,2,0
499,0,245,8,1,2,1,135,9,1,0
500,1,124,9,1,0,2,196,3,3,1
501,0,267,7,3,1,3,223,0,4,0
502,0,130,5,3,0,2,292,8,0,0
503,0,236,8,1,2,1,314,2,1,0
504,1,17,4,1,0,4,229,3,0,1
505,0,39,2,2,1,4,233,4,0,1
506,0,20,11,3,0,2,77,6,3,1
507,1,224,12,2,2,4,129,5,4,1
508,0,354,6,2,2,1,175,4,0,0
509,1,281,9,2,1,1,139,7,0,0
510,1,7,1,1,2,2,74,0,1,1
511,0,99,11,2,0,1,235,6,4,0
512,1,239,10,2,0,3,328,5,4,0
513,0,86,12,1,0,1,178,4,0,1
514,1,297,7,3,2,2,247,6,4,0
515,1,13,10,3,0,3,116,2,1,1
516,0,333,9,2,0,3,258,0,1,0
517,1,1,10,1,0,4,76,8,1,1
518,1,292,9,3,1,1,347,1,3,0
519,1,324,10,2,2,2,114,9,0,0
520,1,40,11,2,2,4,328,2,4,1
521,1,317,13,1,2,4,146,7,1,0
522,0,315,3,2,1,1,88,9,0,0
523,1,110,11,3,2,1,81,8,0,1
524,0,13,13,1,1,2,344,2,3,1
525,1,230,5,3,1,4,107,5,4,1
526,0,83,8,3,2,2,64,6,4,1
527,0,129,8,3,0,4,309,0,1,0
528,1,230,4,2,0,4,222,6,1,0
529,1,325,12,2,2,4,261,3,0,0
530,1,144,11,3,2,1,160,4,4,1
531,0,344,11,3,1,4,130,7,4,0
532,1,27,1,1,2,4,222,3,1,1
533,0,65,1,1,1,4,232,3,2,1
534,0,162,4,2,2,3,200,7,0,1
535,0,228,6,2,0,1,197,4,4,0
536,1,260,8,1,0,3,125,5,3,0
537,1,163,6,3,2,1,257,4,3,0
538,0,300,12,2,1,2,287,0,2,0
539,0,302,9,3,0,3,340,6,1,0
540,1,286,9,1,1,2,231,5,1,0
541,0,9,2,2,2,4,99,1,1,1
542,1,194,10,2,2,2,66,6,3,1
543,0,117,1,1,0,2,233,5,1,0
544,1,269,2,2,2,2,210,4,3,0
545,0,79,5,1,0,2,270,7,2,1
546,1,92,4,2,1,1,145,4,0,1
547,0,265,4,1,0,3,312,1,4,0
548,1,331,9,2,0,1,80,5,2,0
549,1,349,11,3,1,1,316,0,3,0
550,0,360,8,3,0,1,92,4,2,0
551,0,256,6,3,0,2,319,5,4,0
552,1,132,1,2,2,1,293,6,0,0
553,0,275,2,2,1,3,62,1,4,0
554,1,263,6,3,0,1,286,0,3,0
555,0,170,11,3,1,4,343,5,4,0
556,1,0,2,1,1,2,129,2,2,1
557,1,312,13,1,0,4,313,4,1,0
558,1,63,10,1,2,3,203,1,2,1
559,1,283,5,3,1,3,83,0,3,0
560,1,120,5,3,0,3,293,0,0,0
561,1,106,6,3,1,3,234,3,4,1
562,0,174,6,1,2,1,218,9,0,0
563,0,203,6,2,2,2,345,1,3,0
564,0,164,2,3,2,3,77,0,4,1
565,1,304,10,2,0,4,103,5,2,0
566,1,119,13,2,0,3,214,3,2,1
567,1,43,3,2,2,2,290,9,3,1
568,1,311,6,1,0,4,284,6,4,0
569,0,155,13,2,2,4,276,5,2,1
570,0,206,8,3,0,4,115,4,3,1
571,1,107,12,1,2,1,90,9,3,1
572,0,250,13,3,1,3,118,1,0,0
573,0,333,11,3,2,1,294,4,2,0
574,1,129,12,1,2,4,166,8,4,1
575,0,292,1,3,0,1,250,8,2,0
576,1,19,1,3,0,1,77,1,2,1
577,0,281,11,1,0,1,285,6,2,0
578,1,284,13,3,0,3,226,9,3,0
579,1,0,2,2,0,4,130,3,1,1
580,1,118,11,3,0,4,113,2,1,1
581,1,34,12,2,1,3,304,0,0,1
582,0,197,12,3,2,1,135,2,2,0
583,1,244,6,1,2,1,94,8,1,0
584,1,58,9,1,2,2,326,8,0,0
585,1,324,4,3,1,2,180,6,3,0
586,0,160,3,1,2,2,84,2,2,1
587,1,178,12,3,1,3,219,2,4,0
588,0,205,8,1,1,4,143,3,3,1
589,1,11,11,2,1,2,173,6,0,1
590,0,275,10,3,2,4,282,6,3,0
591,0,180,9,2,1,4,225,1,4,1
592,1,241,12,2,2,4,250,4,3,0
593,0,215,11,3,2,3,234,6,0,0
594,1,250,5,2,0,3,60,6,4,1
595,1,298,9,3,0,3,288,5,4,0
596,1,125,2,2,1,3,145,9,3,1
597,0,216,3,3,1,2,121,9,4,1
598,0,305,7,3,2,1,265,7,3,0
599,1,284,7,1,1,1,164,2,2,0
600,1,184,6,3,1,1,309,0,4,0
601,0,38,6,3,2,2,72,2,3,1
602,1,222,2,2,1,1,222,1,2,0
603,1,183,10,3,1,2,102,1,4,1
604,1,177,6,1,2,2,170,1,2,0
605,0,293,4,2,2,2,264,4,4,0
606,0,339,12,2,0,1,315,0,0,0
607,0,150,3,1,2,4,203,9,0,1
608,1,125,13,2,0,1,205,3,3,0
609,1,300,11,2,1,1,223,9,1,0
610,1,307,13,2,2,3,228,4,0,0
611,0,335,2,2,2,2,292,1,1,0
612,1,233,1,1,2,4,330,4,2,0
613,1,7,11,1,1,3,119,9,2,1
614,1,340,11,2,0,4,294,3,1,0
615,1,128,5,2,1,4,224,7,3,1
616,0,263,2,1,1,2,253,0,4,0
617,0,156,2,1,2,1,293,4,1,0
618,1,351,7,1,0,2,242,9,1,0
619,0,357,8,2,1,2,291,0,1,0
620,0,4,13,2,2,3,166,9,1,1
621,1,85,10,3,1,2,282,9,1,1
622,1,174,8,1,1,1,139,3,3,0
623,0,289,4,2,2,4,293,7,0,0
624,1,192,1,1,2,2,243,0,4,0
625,0,310,11,2,0,4,244,1,0,0
626,1,118,7,1,1,2,193,0,1,1
627,0,217,1,2,2,4,279,6,0,0
628,1,113,11,3,2,2,347,1,3,0
629,0,144,4,3,0,3,261,0,2,0
630,0,25,8,1,0,4,205,5,0,1
631,0,135,2,2,2,2,186,5,4,1
632,1,302,6,2,0,2,194,9,3,0
633,0,231,13,1,2,3,173,1,2,0
634,0,75,6,2,1,3,323,0,3,1
635,1,327,12,1,0,3,123,9,1,0
636,1,344,9,2,1,4,194,2,2,0
637,0,301,5,1,1,4,100,9,4,0
638,0,288,10,2,1,3,62,4,2,0
639,1,0,4,1,2,1,253,5,4,1
640,1,146,5,2,1,1,169,2,1,0
641,1,286,12,3,1,2,280,8,4,0
642,1,141,12,2,1,1,63,4,3,1
643,1,52,10,1,2,2,303,1,0,0
644,0,303,11,3,1,4,225,9,3,0
645,1,68,5,2,1,4,85,5,3,1
646,0,360,8,3,0,1,76,7,2,0
647,0,89,10,2,2,4,275,5,1,1
648,0,219,12,3,1,3,151,3,0,0
649,1,191,8,1,0,3,90,5,4,1
650,0,62,2,2,2,1,264,7,2,1
651,0,72,7,2,2,1,266,7,1,0
652,1,160,8,1,2,2,166,9,0,1
653,0,168,11,3,2,4,205,1,3,1
654,0,88,6,1,2,2,160,7,1,1
655,1,175,5,1,2,2,300,5,1,0
656,0,268,11,3,1,3,306,1,1,0
657,0,72,9,1,1,3,222,0,3,1
658,0,244,13,2,1,3,232,5,4,0
659,1,76,3,2,1,3,94,6,2,1
660,1,158,12,2,0,2,343,9,4,0
661,1,323,13,1,1,3,80,4,0,0
662,0,97,13,2,2,4,222,9,2,1
663,0,101,10,2,1,3,156,7,0,1
664,1,131,4,2,1,3,114,8,3,1
665,0,101,9,2,2,3,186,3,4,1
666,0,18,6,2,1,1,252,6,1,1
667,1,81,8,2,1,4,302,7,2,1
668,1,278,7,1,1,4,147,5,1,0
669,0,338,11,2,0,2,274,1,0,0
670,0,364,2,2,1,2,151,6,1,0
671,0,330,3,3,2,3,294,8,1,0
672,1,128,1,1,2,1,243,4,3,0
673,1,343,9,1,1,2,97,1,3,0
674,1,309,13,1,1,2,198,3,4,0
675,1,88,7,1,1,3,254,2,0,1
676,0,212,1,2,2,3,74,3,3,1
677,1,142,3,2,2,2,316,9,3,0
678,1,64,4,3,0,2,194,6,4,1
679,1,75,4,3,0,4,60,9,2,1
680,1,198,5,1,0,1,108,7,4,0
681,1,142,3,3,2,4,155,0,1,1
682,0,315,3,3,0,2,260,7,1,0
683,0,92,1,1,1,4,85,4,3,1
684,1,304,7,1,1,4,294,6,3,0
685,0,223,11,3,2,2,303,0,4,0
686,1,290,10,2,0,3,110,1,4,0
687,1,101,1,3,1,2,140,0,0,1
688,0,266,2,3,2,3,95,4,1,0
689,0,354,13,2,0,2,126,5,4,0
690,1,109,4,2,1,2,188,9,2,1
691,1,329,13,1,0,2,214,8,0,0
692,1,264,4,1,2,1,304,7,4,0
693,0,2,5,3,0,3,170,6,3,1
694,1,84,11,2,2,1,227,4,4,1
695,1,281,2,1,0,2,201,2,3,0
696,1,327,4,3,1,4,256,8,3,0
697,0,303,1,2,2,1,168,4,1,0
698,1,116,2,3,2,3,138,2,1,1
699,1,220,1,1,2,2,220,2,4,0
700,0,153,10,1,0,1,78,2,4,1
701,1,152,10,2,0,4,186,5,2,1
702,1,11,13,3,1,1,264,0,0,1
703,0,132,4,2,2,3,88,3,0,1
704,1,303,4,1,2,1,266,7,4,0
705,0,292,7,1,0,4,339,2,1,0
706,0,299,10,3,0,4,210,4,2,0
707,1,227,11,3,1,3,299,1,0,0
708,1,270,11,3,1,4,325,1,4,0
709,1,42,9,2,0,2,241,6,1,1
710,1,342,9,3,2,4,164,9,1,0
711,0,325,5,3,1,2,295,2,1,0
712,1,301,10,1,0,1,232,4,3,0
713,0,363,1,1,0,2,217,2,1,0
714,1,20,1,3,2,2,231,5,4,1
715,1,106,6,3,0,1,216,9,2,1
716,1,335,2,1,0,4,317,2,4,0
717,0,302,8,3,1,2,223,7,1,0
718,1,116,13,2,0,4,206,1,2,1
719,1,123,9,2,0,1,213,2,0,0
720,1,280,13,2,1,3,97,7,0,0
721,1,291,4,3,2,4,190,7,4,0
722,0,202,5,1,2,4,314,0,2,0
723,1,50,11,3,1,3,267,7,4,1
724,0,270,8,3,1,3,154,9,2,0
725,0,323,3,1,2,1,230,1,2,0
726,0,276,5,1,2,4,309,6,4,0
727,0,140,3,1,2,4,249,5,2,1
728,0,274,12,2,2,1,258,1,1,0
729,0,289,10,3,2,4,280,4,2,0
730,1,333,3,1,1,2,83,6,2,0
731,0,51,3,3,0,2,303,7,4,1
732,0,26,13,2,2,2,187,2,0,1
733,0,156,12,2,2,4,152,0,3,1
734,1,238,7,1,0,2,192,6,2,0
735,1,155,7,1,0,2,114,4,3,1
736,0,290,7,3,0,1,217,4,2,0
737,1,135,10,1,0,1,88,6,4,1
738,0,143,8,3,0,3,270,0,4,0
739,0,105,5,1,0,3,213,7,2,1
740,1,157,5,3,1,3,281,9,4,0
741,0,145,4,3,0,3,174,4,4,1
742,1,1,7,3,0,1,217,7,2,1
743,1,76,10,3,1,1,318,9,0,0
744,0,131,4,2,0,1,310,9,2,0
745,0,89,2,3,2,2,181,4,0,1
746,1,344,4,1,2,2,322,6,4,0
747,0,349,13,2,0,3,108,9,0,0
748,0,262,13,2,1,2,136,2,4,0
749,0,350,8,3,2,4,186,1,0,0
750,1,107,9,2,1,1,256,5,0,0
751,1,73,3,3,2,3,280,4,2,1
752,0,38,7,1,0,3,150,8,0,1
753,1,158,12,3,1,4,67,9,4,1
754,1,70,9,2,1,2,91,3,2,1
755,1,311,11,1,1,3,328,2,0,0
756,1,240,4,3,2,2,250,8,2,0
757,1,297,10,1,2,2,222,7,3,0
758,0,35,3,1,2,4,120,5,2,1
759,0,83,5,2,0,3,323,0,3,0
760,0,262,1,1,2,2,344,9,3,0
761,1,309,3,2,0,2,154,0,2,0
762,1,171,8,1,1,4,100,5,4,1
763,0,172,11,3,1,4,208,2,4,1
764,1,361,8,1,0,2,263,2,4,0
765,0,46,13,3,2,4,326,5,1,1
766,0,140,4,3,0,2,61,2,3,1
767,0,117,2,1,1,3,237,9,2,1
768,1,276,13,3,1,1,253,5,4,0
769,1,213,8,1,0,4,255,4,4,0
770,0,219,8,1,2,1,308,3,2,0
771,0,25,10,3,2,2,271,7,3,1
772,0,8,4,3,0,2,212,1,2,1
773,0,270,3,2,0,2,217,6,1,0
774,1,9,2,3,2,1,198,3,1,1
775,1,120,9,2,1,2,280,1,2,0
776,0,124,1,3,0,4,332,6,3,1
777,0,169,7,1,2,3,213,0,4,0
778,1,71,5,3,2,3,308,3,1,1
779,1,151,8,1,1,4,338,8,1,0
780,0,207,4,1,1,3,335,3,3,0
781,0,48,7,1,1,1,61,2,1,1
782,0,153,13,2,1,2,147,9,1,1
783,1,346,5,3,1,2,346,9,3,0
784,1,292,5,1,0,2,189,1,2,0
785,1,67,9,1,2,1,137,2,4,1
786,0,49,9,2,0,1,319,0,4,0
787,0,151,13,3,0,1,300,9,1,0
788,1,18,9,3,0,4,200,7,4,1
789,1,99,12,2,0,1,287,0,2,0
790,0,59,6,2,0,3,222,2,1,1
791,1,166,6,3,1,4,295,2,4,0
792,1,201,5,2,1,4,187,1,0,0
793,0,344,9,3,2,4,259,4,0,0
794,1,145,10,3,0,1,90,9,0,1
795,0,163,8,1,2,4,197,2,0,1
796,0,241,7,1,1,1,80,2,0,0
797,0,68,7,3,1,1,293,7,1,0
798,0,174,6,3,1,4,261,3,3,0
799,0,48,5,3,0,2,338,3,3,1
800,0,107,13,3,0,2,190,2,1,1
801,0,225,4,3,1,4,207,0,1,0
802,1,160,3,3,2,2,88,7,2,1
803,0,118,3,2,2,3,221,0,3,1
804,0,148,6,3,1,3,120,6,0,1
805,1,149,4,2,2,1,184,4,1,0
806,1,292,12,2,1,2,130,3,0,0
807,1,142,12,3,2,3,302,3,3,0
808,0,159,6,3,1,4,308,7,4,0
809,1,10,3,2,2,2,280,5,4,1
810,0,137,4,2,0,3,80,0,1,1
811,0,77,9,3,1,3,141,9,2,1
812,0,76,5,3,1,4,69,7,0,1
813,0,253,13,2,2,1,71,1,1,0
814,1,257,7,2,1,4,322,5,2,0
815,1,319,10,2,1,1,204,8,0,0
816,0,290,2,1,1,3,251,0,3,0
817,0,262,5,2,0,1,309,5,4,0
818,0,84,9,1,0,3,173,7,2,1
819,1,145,11,3,2,3,85,9,0,1
820,0,322,3,3,0,2,330,1,1,0
821,0,41,9,2,2,1,92,4,0,1
822,1,124,11,3,0,1,121,5,1,1
823,1,166,6,3,2,1,288,4,4,0
824,0,240,4,3,0,4,154,2,4,1
825,1,279,7,3,0,2,94,3,0,0
826,1,187,8,1,2,2,252,6,0,0
827,0,301,6,1,1,2,135,3,1,0
828,1,18,5,2,1,4,308,8,1,1
829,0,67,6,2,0,1,142,9,2,1
830,1,217,5,2,2,1,84,1,2,0
831,0,101,8,3,1,1,116,4,2,1
832,0,41,1,3,2,2,91,7,0,1
833,0,287,11,1,1,2,71,4,2,0
834,1,166,7,1,2,3,151,9,0,1
835,0,108,10,2,0,4,60,7,4,1
836,1,35,10,1,2,4,195,7,3,1
837,0,231,11,1,1,2,255,8,4,0
838,0,228,2,1,0,3,192,9,0,0
839,1,352,9,1,2,1,145,5,0,0
840,0,163,1,1,1,2,338,3,3,0
841,0,72,11,2,0,4,239,2,1,1
842,1,135,10,2,2,4,63,4,1,1
843,0,352,6,1,1,4,185,5,1,0
844,0,69,9,2,2,1,234,2,2,1
845,0,195,1,3,2,4,310,1,1,0
846,0,268,4,1,0,1,80,6,2,0
847,1,48,4,3,0,1,164,4,2,1
848,1,315,9,2,1,1,125,8,1,0
849,0,129,11,2,0,2,322,2,1,0
850,1,4,5,3,1,1,108,7,3,1
851,0,26,5,2,2,3,75,5,3,1
852,1,159,6,1,2,4,204,3,2,1
853,0,148,1,3,1,2,309,8,3,0
854,0,263,1,1,2,4,134,4,2,0
855,0,229,9,3,0,1,349,9,0,0
856,0,199,3,2,2,2,341,5,2,0
857,0,49,4,3,0,3,125,8,2,1
858,0,66,1,3,1,1,184,6,3,1
859,1,299,9,1,1,4,146,4,0,0
860,0,57,8,2,2,3,100,1,4,1
861,1,258,2,1,2,1,245,3,4,0
862,0,341,8,2,0,3,325,1,4,0
863,1,325,7,1,0,1,330,2,0,0
864,1,129,11,3,2,2,101,9,1,1
865,1,214,6,1,2,1,152,2,0,0
866,0,171,1,2,1,2,244,3,3,0
867,0,257,7,2,1,1,274,5,2,0
868,1,101,10,3,1,1,76,2,2,1
869,0,208,7,2,2,4,324,9,3,0
870,1,290,13,1,2,3,173,0,3,0
871,0,353,9,3,2,3,107,0,2,0
872,1,285,1,2,1,3,156,8,1,0
873,1,115,2,2,2,1,154,8,1,1
874,0,263,11,1,0,1,133,4,1,0
875,1,149,9,1,2,1,127,8,3,1
876,0,299,13,3,2,2,305,6,2,0
877,1,35,9,2,2,2,136,8,2,1
878,1,332,13,1,2,4,267,6,2,0
879,0,286,6,3,2,1,313,8,0,0
880,0,302,6,2,0,3,280,1,0,0
881,0,310,4,2,0,3,321,7,4,0
882,1,207,4,3,2,4,318,6,0,0
883,0,105,5,3,1,3,133,5,1,1
884,1,157,3,1,2,4,184,4,1,1
885,1,120,1,2,2,1,247,3,1,0
886,0,54,1,2,2,3,313,6,1,1
887,0,11,12,2,1,1,294,2,4,1
888,1,144,13,3,1,2,309,7,1,0
889,1,135,7,1,1,3,131,1,3,1
890,0,2,1,2,0,2,294,0,3,1
891,0,143,1,3,1,3,215,1,3,1
892,0,29,3,2,0,1,174,8,0,1
893,0,236,10,1,0,4,287,4,2,0
894,0,278,4,2,1,1,304,7,4,0
895,1,347,4,1,1,1,73,2,3,0
896,1,114,2,1,1,1,75,6,3,1
897,1,103,1,2,0,3,101,1,1,1
898,1,117,3,2,2,4,169,7,3,1
899,0,4,11,1,1,2,337,6,1,1
900,0,359,4,3,1,1,78,4,1,0
901,0,247,3,1,1,3,125,3,2,0
902,1,363,8,2,0,2,226,0,0,0
903,1,320,10,2,0,1,132,4,1,0
904,0,120,1,3,2,2,171,8,1,1
905,0,285,2,1,1,1,333,9,2,0
906,1,148,13,1,0,2,144,3,1,1
907,1,83,7,1,2,2,198,8,4,1
908,0,230,4,2,1,4,98,1,0,1
909,0,287,8,1,0,4,164,3,4,0
910,1,160,11,3,1,1,340,8,3,0
911,0,271,13,2,1,3,182,3,0,0
912,0,37,3,2,0,4,277,4,3,1
913,0,225,6,1,0,2,120,7,1,0
914,1,141,9,3,0,4,159,0,2,1
915,1,291,1,2,1,4,263,0,4,0
916,1,150,1,2,1,1,317,8,3,0
917,1,113,8,1,2,4,64,8,1,1
918,1,236,3,1,1,4,256,3,4,0
919,1,65,5,3,0,2,239,1,4,1
920,1,360,1,1,1,4,192,8,3,0
921,0,340,5,3,2,2,312,3,1,0
922,0,257,11,2,2,4,324,5,2,0
923,0,248,6,3,0,4,152,0,3,0
924,0,330,8,3,0,3,209,8,4,0
925,0,322,13,3,2,4,197,4,4,0
926,0,179,3,2,2,2,267,2,0,0
927,0,189,3,1,2,2,184,3,1,0
928,1,153,12,2,0,1,293,0,0,0
929,1,195,11,1,2,1,120,8,2,0
930,0,310,11,3,2,3,325,7,3,0
931,0,261,10,3,0,2,193,3,4,0
932,1,142,9,3,1,2,172,1,1,1
933,0,341,4,3,1,2,250,8,4,0
934,0,315,4,3,2,3,246,3,0,0
935,1,100,12,1,1,2,148,8,0,1
936,0,243,7,1,1,1,246,9,3,0
937,1,11,2,3,1,3,191,2,1,1
938,0,238,8,2,1,1,182,6,1,0
939,1,48,6,2,2,1,107,6,3,1
940,1,41,3,3,1,3,347,9,0,1
941,1,165,9,1,1,4,238,3,0,0
942,0,81,5,2,0,4,239,1,0,1
943,1,290,8,2,2,1,158,8,4,0
944,0,157,7,2,0,4,93,3,2,1
945,0,215,8,3,0,2,129,7,0,0
946,0,157,7,2,2,3,230,1,2,0
947,0,133,3,2,1,1,331,7,2,0
948,1,66,2,2,0,2,118,9,1,1
949,1,335,7,2,2,4,240,4,3,0
950,0,6,3,1,1,2,78,6,4,1
951,0,13,3,3,2,4,285,6,2,1
952,1,72,2,3,0,1,154,8,4,1
953,0,162,4,1,1,2,140,2,1,0
954,1,65,8,1,1,3,234,9,0,1
955,0,346,12,3,2,1,281,3,2,0
956,0,129,1,2,1,2,162,9,3,1
957,1,205,1,2,0,2,113,3,1,0
958,0,275,12,3,0,4,242,9,4,0
959,1,255,5,2,0,1,127,4,0,0
960,0,265,11,1,2,1,87,5,4,0
961,0,24,5,2,1,1,333,2,3,0
962,0,280,11,2,1,1,341,3,2,0
963,1,252,12,2,1,4,178,2,3,0
964,0,309,1,3,0,3,193,1,4,0
965,0,288,6,1,1,1,188,9,4,0
966,0,163,1,2,0,4,67,8,3,1
967,0,94,5,3,1,3,110,0,3,1
968,1,269,9,2,0,3,340,1,3,0
969,1,320,12,1,1,4,234,7,0,0
970,0,109,5,2,2,1,242,6,4,0
971,1,335,6,1,2,3,251,0,1,0
972,0,309,8,2,0,1,308,4,0,0
973,0,237,11,1,0,1,294,9,0,0
974,0,24,1,2,1,2,142,5,0,1
975,1,140,2,1,1,1,152,4,1,0
976,1,116,9,2,2,2,327,3,3,0
977,1,24,3,2,1,3,179,0,4,1
978,1,78,6,3,0,4,130,6,2,1
979,1,67,5,3,0,2,76,8,2,1
980,1,172,11,1,0,4,312,5,4,0
981,1,11,2,2,0,3,181,2,1,1
982,1,287,7,1,0,1,69,9,2,0
983,1,127,4,3,2,3,346,3,0,0
984,0,95,1,1,2,4,332,9,2,1
985,1,91,13,1,0,3,269,4,4,1
986,1,140,4,3,1,1,277,0,0,0
987,1,30,6,2,0,3,300,4,2,1
988,1,333,7,1,2,1,259,0,4,0
989,1,19,7,3,0,2,275,8,1,1
990,1,145,7,2,2,4,264,6,4,1
991,1,315,3,3,2,1,275,2,1,0
992,1,159,6,1,0,1,139,8,0,0
993,1,348,13,2,0,3,326,1,4,0
994,1,42,8,2,1,2,94,6,3,1
995,1,253,4,3,2,1,348,8,3,0
996,0,129,13,3,1,2,77,5,3,1
997,0,59,8,3,0,2,224,9,3,1
998,1,150,2,2,2,3,72,4,3,1
999,1,286,10,2,1,1,261,6,1,0
1000,0,4,9,1,1,3,288,5,4,1
1001,1,265,9,2,1,4,60,4,0,1
1002,0,344,8,1,0,4,276,1,3,0
1003,0,129,10,3,0,1,93,7,3,1
1004,0,266,13,3,0,2,325,6,0,0
1005,0,177,10,2,2,1,187,5,0,0
1006,0,252,1,3,0,1,271,4,3,0
1007,1,55,2,3,2,4,322,4,1,1
1008,0,82,6,2,1,4,139,8,0,1
1009,1,98,10,1,1,2,224,0,4,1
1010,1,148,5,2,0,2,311,8,4,0
1011,0,328,12,1,1,1,71,5,1,0
1012,0,155,9,2,0,3,271,3,2,0
1013,1,189,5,2,2,1,341,9,1,0
1014,0,262,2,3,1,2,171,6,3,0
1015,0,79,10,2,0,3,270,8,2,1
1016,1,251,4,2,1,4,298,4,3,0
1017,1,96,9,1,1,2,327,4,4,0
1018,0,259,1,3,0,2,117,7,0,0
1019,1,259,11,1,1,3,93,6,3,0
1020,0,102,1,1,1,2,322,7,4,0
1021,0,39,12,3,1,2,94,9,1,1
1022,0,272,7,3,1,2,330,1,3,0
1023,1,100,11,3,2,2,286,8,4,1
1024,1,358,3,2,1,2,84,2,0,0
1025,1,307,10,3,1,2,293,5,3,0
1026,1,220,2,3,0,2,118,5,4,0
1027,1,307,9,3,2,2,310,1,3,0
1028,0,123,3,1,0,4,145,6,0,1
1029,0,230,2,1,0,2,310,8,3,0
1030,0,177,12,2,0,4,239,9,3,1
1031,0,62,8,1,2,4,266,0,4,1
1032,1,115,10,2,0,1,208,7,2,0
1033,0,190,6,1,0,1,130,1,3,0
1034,1,61,6,3,0,4,180,0,2,1
1035,0,255,10,1,1,4,312,7,1,0
1036,1,6,11,2,0,2,152,1,3,1
1037,1,154,7,1,2,1,315,5,2,0
1038,0,91,7,3,2,3,313,5,1,1
1039,0,13,11,2,1,1,347,4,4,0
1040,0,228,13,3,2,4,118,7,3,1
1041,0,85,6,3,2,4,128,2,4,1
1042,1,132,4,2,1,2,145,9,1,1
1043,0,182,11,3,0,2,333,3,4,0
1044,0,61,9,3,1,1,286,6,4,1
1045,1,218,6,1,0,2,140,6,0,0
1046,0,245,4,3,0,3,173,7,1,0
1047,0,229,12,3,2,3,243,1,4,0
1048,0,78,3,3,1,2,339,1,2,0
1049,0,148,4,3,2,3,113,3,1,1
1050,0,137,3,2,2,3,256,9,0,1
1051,1,313,2,1,0,1,239,8,3,0
1052,0,64,5,3,2,3,281,9,4,1
1053,0,12,2,3,1,4,333,8,2,1
1054,0,212,6,2,2,4,303,3,0,0
1055,0,241,3,3,2,1,213,8,1,0
1056,0,212,6,2,0,2,332,2,4,0
1057,1,180,11,1,1,1,194,4,0,0
1058,0,337,10,1,2,2,67,9,0,0
1059,1,172,9,3,0,2,187,8,2,0
1060,1,159,1,3,2,2,115,5,3,1
1061,0,163,6,3,1,2,185,2,3,0
1062,0,187,9,2,2,2,218,9,3,0
1063,0,190,11,3,2,1,118,8,1,0
1064,0,307,4,3,0,2,117,5,0,0
1065,1,255,11,1,2,3,199,3,1,0
1066,0,182,12,3,0,3,235,3,0,0
1067,0,116,2,1,1,2,167,7,2,1
1068,0,281,13,3,2,3,270,6,2,0
1069,0,195,4,1,1,4,133,0,1,1
1070,0,33,1,3,1,1,226,5,1,1
1071,0,51,3,1,2,1,292,7,2,0
1072,1,111,10,2,0,2,241,2,4,0
1073,1,251,9,1,1,2,181,8,3,0
1074,0,81,10,1,1,4,262,9,3,1
1075,0,231,5,1,2,2,88,1,2,0
1076,0,226,11,3,2,3,261,5,3,0
1077,1,232,6,3,2,4,152,0,4,1
1078,0,220,3,3,2,3,235,1,4,0
1079,1,41,5,2,2,1,270,4,0,1
1080,0,20,11,2,2,3,243,0,1,1
1081,0,41,8,1,0,1,154,7,3,1
1082,0,112,6,2,1,3,332,0,4,0
1083,0,104,4,1,0,1,196,8,1,1
1084,1,191,2,1,0,2,296,9,1,0
1085,1,16,9,1,2,3,324,2,0,1
1086,0,119,13,2,1,1,194,1,1,0
1087,0,128,12,3,0,3,203,0,1,1
1088,1,129,1,2,2,4,78,8,2,1
1089,1,59,1,1,2,2,290,3,0,1
1090,1,47,13,1,1,1,193,0,0,1
1091,1,28,4,2,0,4,173,0,3,1
1092,0,96,7,1,0,3,198,6,1,1
1093,1,9,1,1,0,4,184,1,3,1
1094,0,241,9,2,2,3,263,6,4,0
1095,1,313,4,2,1,2,120,6,1,0
1096,1,231,3,2,1,4,309,9,4,0
1097,1,276,1,1,0,2,72,8,2,0
1098,1,283,10,1,2,1,314,6,1,0
1099,1,202,4,3,0,3,144,0,3,1
1100,0,246,9,3,1,3,79,7,3,1
1101,0,289,13,2,2,2,109,7,1,0
1102,1,263,10,3,0,2,223,3,3,0
1103,1,213,6,1,0,1,151,7,1,0
1104,0,199,6,3,2,4,147,3,0,1
1105,1,78,1,1,1,3,128,7,3,1
1106,1,342,10,2,2,3,96,4,1,0
1107,0,343,2,2,0,1,312,3,1,0
1108,1,172,11,1,0,1,311,5,3,0
1109,1,68,6,3,0,2,199,1,0,1
1110,0,86,2,2,0,2,227,1,3,1
1111,0,100,3,2,1,4,113,1,1,1
1112,0,7,4,3,1,1,237,8,0,1
1113,1,332,11,3,0,4,165,9,4,0
1114,0,199,5,1,1,1,196,2,2,0
1115,0,86,9,3,1,3,249,9,3,1
1116,0,42,12,3,1,1,187,3,1,1
1117,0,108,4,3,0,1,106,9,0,1
1118,0,151,13,1,2,3,64,7,0,1
1119,0,16,11,1,2,1,316,3,4,1
1120,1,132,9,2,2,4,209,9,3,1
1121,1,147,11,1,0,2,302,9,0,0
1122,0,276,10,2,1,2,334,6,4,0
1123,0,231,3,3,1,4,267,4,1,0
1124,0,313,8,2,0,3,174,8,4,0
1125,1,227,12,2,0,1,254,3,3,0
1126,1,138,1,3,2,4,229,2,4,1
1127,1,210,11,2,2,2,141,1,0,0
1128,1,27,9,1,0,2,213,0,0,1
1129,1,50,9,1,2,4,200,5,2,1
1130,1,260,10,1,1,2,205,9,4,0
1131,1,260,2,1,0,4,181,1,1,0
1132,1,349,4,2,0,2,311,7,3,0
1133,1,351,13,2,1,4,148,5,2,0
1134,0,7,8,3,1,1,117,4,4,1
1135,0,319,7,2,1,1,122,1,1,0
1136,0,137,1,2,2,1,339,6,2,0
1137,0,37,5,2,0,1,131,1,0,1
1138,1,110,7,3,2,2,68,4,3,1
1139,1,219,4,1,1,3,153,1,4,0
1140,0,336,1,2,2,4,211,9,1,0
1141,1,222,9,3,1,3,99,1,0,1
1142,0,135,5,3,2,2,121,6,2,1
1143,1,255,11,3,2,2,313,8,3,0
1144,0,359,2,1,1,3,128,4,2,0
1145,1,328,8,2,2,3,304,6,2,0
1146,1,48,11,3,0,2,229,3,1,1
1147,0,291,13,1,2,2,237,1,0,0
1148,1,323,2,3,2,4,248,2,4,0
1149,0,77,3,3,0,1,319,1,1,0
1150,0,104,10,3,1,1,131,4,3,1
1151,0,168,1,3,0,4,76,5,2,1
1152,0,216,11,3,2,3,116,6,3,1
1153,1,118,2,1,1,2,277,2,1,0
1154,1,189,7,2,2,3,166,3,1,0
1155,1,254,10,2,2,1,232,7,4,0
1156,0,265,2,2,0,1,278,3,2,0
1157,1,148,6,2,0,3,306,6,1,0
1158,0,163,3,1,1,1,277,5,3,0
1159,1,139,4,1,1,2,90,6,4,1
1160,1,346,11,1,1,4,106,0,3,0
1161,1,257,13,3,2,3,193,2,2,0
1162,0,268,8,3,0,2,167,5,4,0
1163,1,180,3,3,0,2,131,2,4,1
1164,1,159,10,2,0,1,167,6,4,0
1165,0,350,6,3,1,2,331,8,0,0
1166,1,287,1,2,0,3,230,2,4,0
1167,0,287,7,3,0,2,175,0,3,0
1168,1,225,8,2,0,4,133,9,3,1
1169,0,10,11,3,1,2,315,5,2,1
1170,0,9,8,3,0,2,140,0,1,1
1171,1,270,3,1,1,4,327,0,1,0
1172,0,272,10,3,0,2,187,7,0,0
1173,0,182,1,3,0,2,294,8,4,0
1174,0,152,9,1,0,1,100,1,0,0
1175,0,314,13,2,1,3,240,8,2,0
1176,0,333,6,1,1,1,216,4,2,0
1177,0,123,11,1,0,3,118,7,1,1
1178,1,113,9,2,2,4,308,6,2,1
1179,0,277,7,3,1,4,251,6,4,0
1180,0,212,1,2,1,4,83,3,3,1
1181,1,171,12,3,0,3,139,1,2,1
1182,1,287,12,3,2,3,193,4,0,0
1183,1,173,1,2,0,3,272,2,4,0
1184,1,112,6,1,1,4,225,8,2,1
1185,1,121,5,2,1,3,130,5,2,1
1186,1,31,9,3,0,2,273,0,4,1
1187,1,221,2,2,0,1,124,2,2,0
1188,0,118,8,2,2,4,280,3,3,1
1189,0,38,11,3,2,1,345,8,1,0
1190,1,267,5,1,1,2,244,5,4,0
1191,0,232,2,2,2,3,266,3,0,0
1192,0,17,13,3,2,1,158,0,2,1
1193,0,148,10,3,1,2,301,7,1,0
1194,1,148,11,2,1,2,217,1,0,0
1195,1,125,11,1,1,1,157,7,0,1
1196,0,301,12,2,1,4,101,5,3,0
1197,1,359,6,1,0,1,198,7,1,0
1198,0,237,10,1,1,4,342,5,4,0
1199,0,134,8,1,1,3,286,4,1,0
1200,0,150,4,1,1,4,131,4,1,1
1201,0,235,2,2,2,3,302,9,0,0
1202,1,223,12,3,1,1,77,9,3,0
1203,1,202,11,3,0,3,136,7,3,1
1204,1,255,5,3,0,2,104,6,1,0
1205,0,85,12,3,1,3,199,7,1,1
1206,1,149,2,3,0,4,236,7,2,1
1207,0,234,2,3,2,4,281,6,0,0
1208,1,344,6,2,1,4,151,1,4,0
1209,0,21,11,1,0,3,81,8,4,1
1210,0,347,10,3,0,4,231,6,3,0
1211,0,284,9,2,1,4,151,5,0,0
1212,1,268,13,3,0,2,251,8,3,0
1213,1,257,4,3,1,3,136,0,4,0
1214,1,28,6,1,0,2,340,1,1,0
1215,1,212,7,1,2,4,238,0,0,0
1216,0,282,13,1,0,4,297,9,0,0
1217,1,49,11,3,0,4,194,2,2,1
1218,1,94,6,3,1,3,339,4,1,0
1219,0,87,8,3,0,1,78,0,1,1
1220,0,43,4,1,1,4,142,3,3,1
1221,0,277,12,2,2,4,287,7,0,0
1222,1,170,1,3,1,4,324,5,3,0
1223,0,188,7,3,1,4,171,0,1,1
1224,0,352,3,3,0,3,310,0,2,0
1225,0,183,6,2,2,1,223,2,0,0
1226,1,2,2,3,1,1,227,9,1,1
1227,0,190,9,2,0,1,280,7,2,0
1228,1,117,1,3,0,4,250,7,4,1
1229,1,18,6,2,1,4,229,2,1,1
1230,0,22,6,3,0,1,104,6,4,1
1231,0,29,5,1,1,1,73,2,3,1
1232,1,294,13,1,1,4,290,3,4,0
1233,0,107,5,1,1,4,216,8,1,1
1234,0,280,1,1,2,2,193,3,4,0
1235,1,127,10,3,1,2,96,2,0,1
1236,1,228,12,1,0,2,112,4,1,0
1237,0,110,5,2,2,1,77,6,2,1
1238,1,135,2,1,0,3,97,4,4,1
1239,0,361,7,1,2,4,246,3,0,0
1240,0,185,3,1,2,2,255,7,3,0
1241,0,143,13,3,2,3,302,3,3,0
1242,1,71,4,1,2,4,94,1,4,1
1243,0,128,3,2,0,3,274,9,3,1
1244,0,363,3,1,1,1,278,5,2,0
1245,0,260,4,1,0,1,149,1,1,0
1246,1,2,5,1,1,1,311,2,0,1
1247,1,103,1,2,0,2,67,0,4,1
1248,1,223,4,1,2,4,315,4,3,0
1249,1,319,12,2,2,1,267,8,1,0
1250,1,361,12,2,1,2,190,1,2,0
1251,0,353,11,1,1,2,283,6,3,0
1252,1,9,8,2,0,2,256,4,3,1
1253,1,301,10,3,1,2,201,1,0,0
1254,1,230,7,1,0,1,311,7,2,0
1255,0,218,9,1,1,2,155,5,2,0
1256,1,65,5,2,1,1,85,3,4,1
1257,1,111,13,2,1,1,170,3,0,1
1258,0,12,10,1,2,2,182,1,4,1
1259,1,85,4,3,2,1,245,2,0,0
1260,0,233,8,2,0,4,227,6,2,0
1261,0,89,9,2,1,4,110,2,0,1
1262,0,313,13,3,0,3,64,4,0,0
1263,0,53,7,3,1,4,136,9,0,1
1264,0,11,7,1,2,1,219,5,1,1
1265,1,208,5,3,2,1,267,5,1,0
1266,0,13,4,1,1,4,316,3,2,1
1267,0,120,10,3,1,2,264,5,0,0
1268,1,19,1,2,2,2,314,2,2,1
1269,0,74,10,1,2,1,70,6,1,1
1270,1,242,10,1,0,2,67,6,0,0
1271,1,222,7,1,2,3,91,3,4,1
1272,1,69,1,3,1,3,87,1,1,1
1273,0,311,1,2,0,4,265,6,1,0
1274,0,210,5,1,1,4,287,2,1,0
1275,0,100,13,1,0,2,187,0,0,1
1276,1,185,9,1,1,1,314,1,3,0
1277,0,131,6,1,2,4,271,9,4,1
1278,0,110,3,2,1,3,298,8,4,1
1279,0,131,13,3,0,4,266,7,2,1
1280,1,19,3,2,1,4,342,5,0,1
1281,1,23,7,1,0,3,304,5,1,1
1282,0,226,6,2,1,1,104,0,3,0
1283,0,153,9,1,2,4,164,1,0,1
1284,0,292,6,3,2,4,340,3,0,0
1285,0,229,5,3,1,4,293,2,3,0
1286,1,309,10,3,1,2,248,0,1,0
1287,1,358,7,1,1,4,103,7,0,0
1288,1,201,1,2,0,3,284,6,4,0
1289,1,37,12,3,1,1,201,3,4,1
1290,0,259,7,1,1,1,195,8,3,0
1291,0,187,3,1,0,3,235,3,1,0
1292,0,56,9,2,2,2,201,0,3,1
1293,1,19,6,3,1,3,139,9,0,1
1294,0,272,9,1,1,1,141,0,4,0
1295,1,118,13,2,2,3,194,0,2,1
1296,1,70,5,3,2,2,266,0,3,1
1297,0,3,7,2,0,1,236,3,2,1
1298,0,220,13,2,1,2,302,0,2,0
1299,0,13,4,1,1,3,114,1,4,1
1300,1,2,7,1,0,4,200,3,3,1
1301,0,215,13,1,2,3,115,6,2,1
1302,1,228,1,2,0,2,74,1,0,0
1303,0,335,7,1,2,3,244,7,1,0
1304,1,185,8,2,0,4,147,6,1,1
1305,1,54,5,2,2,2,156,8,4,1
1306,0,253,2,1,0,3,203,5,3,0
1307,1,23,5,3,2,2,67,3,3,1
1308,1,161,6,3,2,2,274,5,1,0
1309,0,157,12,3,2,1,232,3,0,0
1310,1,81,2,2,2,1,282,6,1,0
1311,0,158,6,2,2,2,99,8,1,1
1312,1,187,6,2,1,3,241,2,3,0
1313,0,59,1,1,2,3,329,2,2,1
1314,0,304,1,2,1,3,246,1,0,0
1315,1,318,11,1,2,4,304,0,3,0
1316,1,210,10,1,1,2,290,0,1,0
1317,1,151,3,3,1,2,214,2,2,0
1318,1,108,10,3,0,4,234,6,0,1
1319,1,75,10,3,2,2,174,8,4,1
1320,0,29,12,1,0,2,77,1,0,1
1321,1,313,3,1,0,4,331,6,0,0
1322,0,116,4,1,2,1,71,0,1,1
1323,0,355,2,2,0,2,251,1,1,0
1324,1,191,9,1,2,4,291,5,4,0
1325,0,18,10,3,0,3,152,4,4,1
1326,0,172,12,3,2,1,277,7,4,0
1327,0,227,11,1,2,3,337,1,3,0
1328,0,349,7,1,2,2,88,0,3,0
1329,1,182,7,3,1,1,136,6,1,0
1330,0,112,6,1,0,4,68,5,1,1
1331,1,182,3,3,1,2,83,7,4,1
1332,1,145,6,2,0,4,74,7,3,1
1333,0,318,12,3,0,1,223,1,2,0
1334,1,115,8,2,0,3,72,7,3,1
1335,1,112,8,1,1,2,231,5,1,0
1336,1,250,11,1,0,2,259,8,3,0
1337,0,250,13,2,1,4,135,6,1,1
1338,1,302,9,1,2,1,223,1,4,0
1339,1,312,1,2,0,4,120,7,4,0
1340,1,117,1,1,0,1,304,8,4,0
1341,0,300,3,3,2,2,214,6,2,0
1342,1,160,3,1,2,1,316,3,2,0
1343,0,197,10,3,0,2,303,8,1,0
1344,0,259,8,3,2,1,221,3,0,0
1345,0,147,10,2,1,3,127,3,2,1
1346,0,239,1,1,1,1,336,8,1,0
1347,0,46,13,2,0,3,220,7,3,1
1348,0,197,2,1,1,1,318,3,4,0
1349,1,46,2,3,1,1,154,7,4,1
1350,0,77,3,3,0,4,305,7,4,1
1351,1,123,13,1,2,4,280,6,1,1
1352,1,74,6,1,0,2,182,9,4,1
1353,0,358,1,2,1,4,246,5,2,0
1354,1,136,2,1,0,1,321,7,3,0
1355,1,89,13,1,0,4,332,6,4,1
1356,1,324,13,1,1,1,119,4,1,0
1357,1,60,1,2,1,3,184,3,3,1
1358,0,137,5,1,0,1,110,1,4,1
1359,1,49,13,3,1,2,237,7,0,1
1360,0,258,13,2,1,3,198,8,4,0
1361,1,106,7,2,1,2,229,3,2,1
1362,1,112,8,3,1,2,98,3,3,1
1363,0,349,10,3,1,2,128,4,2,0
1364,1,253,1,3,1,4,295,1,0,0
1365,1,117,7,1,2,2,107,6,0,1
1366,1,197,13,3,0,3,116,4,2,1
1367,0,336,5,1,1,1,336,5,3,0
1368,1,364,10,2,0,2,158,3,0,0
1369,0,50,1,2,2,3,74,7,0,1
1370,1,244,3,3,1,2,238,7,4,0
1371,0,34,7,1,0,1,121,4,1,1
1372,0,301,10,3,1,3,178,5,0,0
1373,1,68,1,3,1,3,96,2,3,1
1374,1,348,7,1,1,1,193,0,3,0
1375,0,319,5,3,1,3,85,8,4,0
1376,0,48,1,2,1,1,67,8,3,1
1377,1,73,1,3,1,3,63,2,4,1
1378,0,191,1,1,1,3,80,3,0,1
1379,1,260,11,1,2,1,208,6,0,0
1380,1,355,9,2,2,1,84,1,0,0
1381,1,69,11,1,1,3,202,2,0,1
1382,1,89,13,1,1,3,304,5,1,1
1383,0,259,3,2,2,1,102,7,1,0
1384,1,125,13,3,2,4,244,0,0,1
1385,0,230,5,2,2,1,101,3,3,0
1386,1,294,11,3,1,3,151,0,4,0
1387,0,128,10,2,0,3,112,1,2,1
1388,1,279,12,3,0,3,143,7,4,0
1389,0,312,9,2,0,1,93,5,2,0
1390,0,99,6,3,0,3,135,8,2,1
1391,1,325,12,2,1,4,256,1,0,0
1392,1,296,9,3,0,2,345,2,2,0
1393,1,181,8,2,2,4,147,8,0,1
1394,1,173,8,1,2,1,294,8,1,0
1395,0,315,1,3,0,3,291,5,3,0
1396,1,363,13,2,2,1,66,2,2,0
1397,0,187,9,3,1,2,97,4,3,1
1398,0,56,6,3,0,1,111,1,0,1
1399,1,30,9,2,0,3,202,6,2,1
1400,0,83,3,3,1,2,280,9,4,1
1401,0,151,12,2,2,2,299,7,1,0
1402,0,35,3,1,1,3,202,5,1,1
1403,0,212,6,3,1,3,108,7,2,1
1404,1,363,9,1,2,3,336,1,1,0
1405,1,105,7,3,1,1,330,2,4,0
1406,1,341,13,3,2,4,73,6,3,0
1407,1,219,3,3,2,1,74,9,4,0
1408,0,162,3,2,1,1,293,0,1,0
1409,0,219,2,1,2,4,122,6,3,1
1410,1,269,9,3,1,3,255,5,4,0
1411,1,119,13,2,2,3,86,7,0,1
1412,1,335,3,3,0,4,152,6,0,0
1413,0,181,11,2,2,4,164,3,3,1
1414,1,105,5,3,2,1,111,2,3,1
1415,1,216,9,1,1,2,240,2,3,0
1416,1,204,8,1,2,4,116,3,0,1
1417,0,69,2,3,0,1,179,8,4,1
1418,0,43,3,2,0,2,102,8,3,1
1419,0,328,2,3,2,3,194,1,0,0
1420,0,300,8,2,2,3,319,4,3,0
1421,0,227,6,3,0,1,256,0,3,0
1422,0,183,6,2,1,1,192,3,3,0
1423,0,106,12,1,0,4,314,1,0,0
1424,0,83,9,3,0,3,279,7,4,1
1425,1,337,8,1,2,1,100,3,0,0
1426,1,249,4,1,2,3,314,4,0,0
1427,0,362,12,3,0,3,61,3,3,0
1428,0,20,4,3,1,4,254,4,2,1
1429,1,195,9,2,0,2,301,4,2,0
1430,0,177,1,2,0,4,208,4,2,1
1431,0,6,13,1,1,1,257,2,0,1
1432,0,69,2,2,0,4,304,6,3,1
1433,1,126,2,2,0,4,167,2,2,1
1434,1,159,13,3,2,3,271,1,1,0
1435,1,247,13,2,1,4,215,2,1,0
1436,1,202,6,1,2,1,85,2,1,0
1437,1,147,4,2,2,2,141,7,4,1
1438,0,142,13,1,1,4,142,3,3,1
1439,1,198,11,3,1,4,190,2,0,1
1440,0,153,10,1,0,2,159,9,0,1
1441,0,141,13,2,2,1,315,4,3,0
1442,1,312,3,3,1,1,108,3,4,0
1443,1,164,3,2,2,4,122,8,3,1
1444,0,313,3,3,2,3,349,7,4,0
1445,0,20,6,3,1,4,164,6,2,1
1446,0,81,8,2,0,2,164,7,2,1
1447,1,68,11,2,2,2,74,4,4,1
1448,1,130,7,3,1,2,234,3,3,0
1449,1,86,4,3,0,4,318,6,2,1
1450,1,217,11,2,2,4,270,0,3,0
1451,1,304,12,1,1,1,318,5,2,0
1452,0,344,4,2,2,3,161,7,3,0
1453,1,340,11,3,1,4,319,6,3,0
1454,0,160,10,2,1,1,218,1,1,0
1455,0,177,11,1,2,4,104,6,4,1
1456,0,116,11,2,2,1,310,5,0,0
1457,1,195,11,3,1,1,224,4,4,0
1458,1,326,2,2,0,3,252,3,3,0
1459,1,85,1,3,2,4,68,0,3,1
1460,0,288,9,3,1,1,124,1,4,0
1461,0,80,12,2,1,2,341,6,3,0
1462,0,151,12,3,0,2,240,9,2,0
1463,0,60,2,3,0,2,341,2,3,0
1464,0,60,13,1,0,3,338,4,4,1
1465,0,353,8,1,2,1,89,7,4,0
1466,1,27,9,1,1,3,325,7,4,1
1467,1,42,4,1,1,4,276,5,1,1
1468,1,168,8,3,1,4,164,4,1,1
1469,1,85,9,2,0,1,243,1,1,0
1470,0,176,10,3,1,2,207,8,1,0
1471,0,16,10,3,2,1,164,0,1,1
1472,1,97,5,3,0,1,106,1,1,1
1473,0,197,13,2,0,1,146,0,1,0
1474,1,97,7,1,0,3,188,3,4,1
1475,1,64,10,3,0,4,317,3,0,1
1476,1,329,4,3,2,1,206,4,1,0
1477,0,340,1,1,1,1,131,4,4,0
1478,1,4,3,3,2,1,199,7,0,1
1479,1,1,5,2,1,3,86,2,1,1
1480,1,21,3,3,2,3,88,5,0,1
1481,0,111,12,3,0,3,330,2,0,0
1482,0,56,13,1,0,1,233,1,2,1
1483,1,65,11,3,2,2,312,7,3,1
1484,0,329,7,3,2,2,119,0,2,0
1485,0,97,12,2,1,2,166,8,0,1
1486,0,143,9,1,2,4,279,6,4,1
1487,0,124,12,1,2,1,318,9,1,0
1488,0,166,6,2,1,2,205,3,3,0
1489,0,85,13,3,1,2,111,2,1,1
1490,0,75,10,1,1,2,119,5,4,1
1491,0,343,1,1,2,1,93,8,3,0
1492,0,293,7,3,1,2,155,8,2,0
1493,0,58,3,3,0,2,148,3,0,1
1494,1,137,5,1,0,1,290,9,4,0
1495,1,98,10,3,0,4,334,4,0,1
1496,0,191,4,1,2,3,305,8,0,0
1497,1,242,10,3,0,2,170,1,1,0
1498,1,318,5,3,2,3,293,1,4,0
1499,0,48,5,2,2,4,337,4,0,1
1500,0,31,6,3,0,4,225,0,2,1
1501,0,276,10,2,1,2,187,7,3,0
1502,1,19,12,3,2,1,296,4,4,1
1503,1,153,10,1,0,4,166,9,1,1
1504,0,67,13,1,2,3,187,1,4,1
1505,0,213,13,3,1,3,254,8,1,0
1506,0,142,11,3,1,3,202,1,3,1
1507,1,231,6,1,0,3,170,6,2,0
1508,1,212,8,3,2,4,149,7,0,1
1509,1,78,8,2,2,2,310,5,4,0
1510,1,213,11,2,2,2,339,6,1,0
1511,0,115,9,2,2,3,283,0,3,0
1512,0,91,8,2,0,2,160,3,0,1
1513,0,269,13,2,1,3,191,6,3,0
1514,0,167,11,3,0,3,72,0,2,1
1515,1,57,2,3,2,1,157,0,0,1
1516,1,283,12,2,2,4,179,5,0,0
1517,0,25,10,3,1,4,258,3,0,1
1518,0,65,12,3,2,3,60,2,1,1
1519,1,247,11,2,0,4,119,4,0,1
1520,0,253,1,3,0,2,309,8,3,0
1521,1,43,10,3,1,3,199,9,1,1
1522,0,96,2,3,0,1,208,9,0,1
1523,0,41,2,2,0,2,103,9,3,1
1524,0,226,12,3,0,1,245,2,3,0
1525,0,261,3,1,0,1,167,4,4,0
1526,0,166,10,1,2,4,103,9,3,1
1527,0,278,7,2,0,4,137,4,2,0
1528,0,88,2,1,1,3,285,8,0,1
1529,1,177,1,2,1,4,221,9,0,1
1530,1,196,6,1,0,1,340,3,0,0
1531,1,306,9,1,1,1,312,0,3,0
1532,1,266,3,1,0,2,191,9,3,0
1533,1,267,6,2,1,1,203,4,0,0
1534,0,73,3,2,1,3,325,0,1,0
1535,0,7,13,3,0,3,168,5,1,1
1536,1,296,1,2,0,4,253,9,2,0
1537,0,163,13,1,2,4,94,9,4,1
1538,1,84,12,1,0,4,334,6,2,1
1539,1,71,5,2,0,3,246,0,0,1
1540,0,54,10,2,2,1,302,9,0,0
1541,0,46,13,2,0,4,323,3,0,1
1542,0,237,11,3,0,2,69,8,4,1
1543,1,103,4,1,2,4,225,0,3,1
1544,0,209,7,3,0,3,88,8,4,1
1545,1,41,6,3,0,4,330,7,2,1
1546,1,315,10,1,2,1,146,4,3,0
1547,1,267,7,1,2,4,82,5,3,1
1548,0,262,5,2,1,3,269,6,2,0
1549,0,335,4,2,0,3,105,3,3,0
1550,1,364,7,3,1,2,87,5,1,0
1551,0,258,7,2,1,3,85,6,2,0
1552,0,282,6,2,2,2,325,5,2,0
1553,0,113,8,1,0,1,234,5,1,0
1554,1,362,4,1,0,3,63,1,4,0
1555,1,39,10,2,2,4,126,4,4,1
1556,0,219,5,1,1,1,194,2,4,0
1557,1,128,4,2,2,4,114,6,3,1
1558,0,7,12,1,0,4,90,3,1,1
1559,0,100,1,1,2,4,133,0,2,1
1560,0,175,12,1,0,1,78,5,2,1
1561,0,106,8,1,1,1,215,5,2,0
1562,1,100,1,2,0,3,215,6,3,1
1563,1,259,5,3,1,4,206,7,3,0
1564,1,245,6,1,1,2,146,2,4,0
1565,0,274,6,2,0,3,79,5,3,0
1566,0,31,13,2,0,1,328,9,4,1
1567,0,136,5,1,1,2,102,1,4,1
1568,1,11,3,3,2,1,87,8,2,1
1569,0,301,5,1,0,2,319,1,3,0
1570,1,15,12,2,1,3,81,2,4,1
1571,1,128,8,3,1,2,160,9,1,1
1572,1,62,2,2,2,3,98,1,1,1
1573,1,108,6,1,0,1,349,8,3,0
1574,1,20,9,3,1,2,229,0,2,1
1575,1,157,8,2,2,4,189,4,2,1
1576,0,268,11,2,1,4,215,0,4,0
1577,0,161,8,2,0,1,133,4,3,0
1578,1,259,8,1,2,2,149,7,1,0
1579,1,101,13,3,1,4,126,7,4,1
1580,0,222,7,1,2,3,295,7,4,0
1581,1,58,8,1,0,2,259,1,0,1
1582,1,246,13,1,2,2,286,7,3,0
1583,0,127,6,3,0,4,292,4,4,1
1584,1,282,2,1,1,3,325,0,1,0
1585,1,324,2,1,0,3,145,6,0,0
1586,1,24,8,1,1,3,161,5,1,1
1587,0,130,11,1,1,2,273,4,2,0
1588,0,352,1,2,0,1,167,0,0,0
1589,0,195,6,1,1,2,224,0,0,0
1590,1,280,13,2,2,2,150,5,4,0
1591,1,153,6,1,1,4,251,9,2,1
1592,0,132,11,3,0,1,145,6,4,1
1593,1,226,4,2,2,3,281,9,3,0
1594,1,188,12,2,2,4,160,9,1,1
1595,1,264,11,2,1,2,285,0,1,0
1596,1,133,13,2,1,1,119,8,4,1
1597,1,210,11,3,0,3,309,3,1,0
1598,0,59,13,1,2,3,107,4,1,1
1599,1,363,10,2,0,2,176,1,3,0
1600,0,363,3,3,1,3,286,9,2,0
1601,1,212,13,2,2,3,92,7,0,1
1602,0,215,11,1,0,1,103,1,4,0
1603,1,225,3,2,0,4,224,2,4,0
1604,0,130,13,3,0,1,346,8,3,0
1605,1,75,13,1,0,4,284,1,3,1
1606,0,285,1,3,0,4,345,5,0,0
1607,1,276,3,1,2,4,263,3,2,0
1608,0,155,4,1,0,3,231,6,4,1
1609,1,247,11,1,2,1,71,5,3,0
1610,0,217,11,2,0,3,180,9,4,0
1611,0,189,5,3,1,2,303,8,1,0
1612,1,162,3,3,1,1,211,8,4,0
1613,1,179,6,3,0,4,211,9,2,1
1614,0,33,11,1,1,3,247,3,2,1
1615,1,40,12,2,2,3,72,0,4,1
1616,0,306,5,1,0,1,150,1,1,0
1617,0,337,3,3,2,1,259,7,2,0
1618,0,313,6,2,0,4,133,9,3,0
1619,1,74,6,2,1,4,315,7,4,1
1620,0,278,8,2,2,2,335,1,1,0
1621,0,175,2,3,1,4,130,3,3,1
1622,1,149,1,2,1,3,137,0,4,1
1623,1,272,4,2,0,2,343,6,1,0
1624,1,324,7,1,2,2,189,3,3,0
1625,1,107,11,1,1,2,102,7,2,1
1626,0,138,10,2,0,1,67,8,4,1
1627,0,349,3,2,0,4,72,8,4,0
1628,0,270,3,1,0,2,272,2,2,0
1629,0,346,5,1,1,1,170,4,0,0
1630,1,288,5,1,0,1,82,5,3,0
1631,0,211,13,3,2,2,313,5,2,0
1632,0,271,10,3,2,2,74,9,4,0
1633,1,65,3,1,1,3,189,7,3,1
1634,0,247,9,2,2,2,120,5,3,0
1635,0,155,4,1,0,3,174,5,0,1
1636,0,46,13,3,1,2,126,3,4,1
1637,0,200,13,2,0,2,308,6,1,0
1638,0,147,3,3,1,4,234,7,0,1
1639,0,123,11,2,1,2,61,2,0,1
1640,1,0,2,3,0,2,231,6,1,1
1641,1,246,10,2,2,3,343,2,1,0
1642,0,342,13,2,2,3,113,7,0,0
1643,0,127,11,2,1,4,126,0,3,1
1644,1,190,9,2,0,2,161,0,2,0
1645,0,66,4,3,0,2,179,5,2,1
1646,0,3,3,3,1,3,250,9,0,1
1647,0,302,7,2,2,1,106,8,3,0
1648,1,293,8,2,0,1,281,3,1,0
1649,0,142,11,3,2,1,80,5,0,1
1650,1,190,2,2,2,3,217,4,4,0
1651,0,20,7,2,1,3,218,0,3,1
1652,1,226,12,2,1,1,294,5,4,0
1653,1,312,5,1,2,1,209,8,4,0
1654,0,116,11,2,0,2,316,2,0,0
1655,1,301,5,1,0,3,224,2,3,0
1656,0,141,3,2,1,3,136,1,4,1
1657,1,38,5,3,2,1,144,3,3,1
1658,0,354,12,1,0,1,105,9,2,0
1659,0,251,2,1,0,4,106,2,4,1
1660,1,332,4,2,1,3,272,1,4,0
1661,0,206,6,2,2,4,118,0,3,1
1662,0,209,1,1,0,2,113,2,2,0
1663,1,114,10,3,1,4,71,9,4,1
1664,0,224,4,3,0,1,251,5,0,0
1665,0,133,6,2,0,3,65,8,3,1
1666,1,250,9,3,0,3,203,4,3,0
1667,1,218,11,3,1,4,320,2,4,0
1668,0,90,11,2,2,4,132,4,2,1
1669,0,353,13,3,1,2,233,4,4,0
1670,1,45,2,2,2,2,291,4,1,1
1671,1,37,11,1,0,1,329,6,4,0
1672,0,141,7,2,2,1,281,4,1,0
1673,1,99,6,1,0,1,111,6,0,1
1674,0,327,2,1,0,4,175,8,3,0
1675,0,189,8,3,1,4,85,4,3,1
1676,0,34,7,3,0,3,112,1,2,1
1677,0,146,11,3,1,1,88,4,4,1
1678,0,29,5,2,2,4,78,7,0,1
1679,1,333,12,3,2,3,338,3,1,0
1680,1,83,5,1,0,1,176,1,2,1
1681,1,280,7,3,1,2,165,9,0,0
1682,1,343,9,3,0,2,286,2,0,0
1683,0,269,11,2,1,4,245,8,1,0
1684,0,153,9,2,1,3,320,8,1,0
1685,0,101,9,1,1,2,75,7,3,1
1686,0,214,6,2,2,3,332,7,4,0
1687,1,149,10,3,1,3,219,7,2,1
1688,0,82,6,2,2,2,309,7,4,0
1689,0,109,3,1,1,3,283,7,2,1
1690,1,274,1,3,2,2,315,0,0,0
1691,1,200,7,1,2,4,239,5,1,0
1692,1,283,4,2,2,1,79,8,1,0
1693,1,172,1,2,0,1,171,7,0,0
1694,0,326,8,1,1,4,179,2,0,0
1695,0,205,12,3,0,2,253,0,2,0
1696,1,62,6,2,1,2,170,1,0,1
1697,0,72,6,2,1,2,269,1,2,1
1698,0,250,2,3,0,2,60,6,4,1
1699,0,123,1,2,2,4,117,5,1,1
1700,1,120,13,1,1,1,152,1,1,0
1701,0,274,2,2,2,3,280,7,1,0
1702,1,119,4,2,0,3,270,8,4,1
1703,0,316,2,3,2,1,291,6,4,0
1704,0,163,1,1,1,4,321,3,3,0
1705,0,285,7,3,1,3,162,0,2,0
1706,1,264,11,2,1,1,109,3,2,0
1707,0,319,11,2,0,4,169,3,3,0
1708,1,160,12,3,1,3,147,7,1,1
1709,1,307,8,3,0,2,79,3,2,0
1710,1,88,6,3,2,2,73,3,2,1
1711,0,141,4,1,1,4,192,1,1,1
1712,0,202,6,2,1,2,93,9,0,1
1713,0,308,3,3,1,4,267,6,0,0
1714,0,226,12,2,2,1,258,3,3,0
1715,1,333,8,1,1,1,139,5,4,0
1716,1,221,10,1,0,3,130,2,2,0
1717,1,40,13,1,2,4,214,6,2,1
1718,0,195,13,1,2,3,137,5,3,1
1719,1,67,2,2,2,3,137,2,3,1
1720,0,263,5,1,2,1,231,3,2,0
1721,1,1,1,1,2,3,348,9,1,1
1722,0,360,6,3,0,2,92,4,1,0
1723,0,124,2,1,2,3,335,8,4,0
1724,1,109,4,3,1,4,66,5,2,1
1725,1,85,6,1,2,2,219,3,2,1
1726,1,119,10,1,2,1,299,6,2,0
1727,1,126,11,3,2,4,83,1,2,1
1728,0,254,8,1,2,2,273,3,3,0
1729,1,182,12,2,2,4,129,4,0,1
1730,1,15,8,2,0,2,275,3,2,1
1731,1,61,11,1,0,4,163,3,0,1
1732,0,157,6,2,2,4,274,8,1,1
1733,0,267,4,3,0,2,113,1,4,0
1734,1,34,8,1,1,1,262,5,1,1
1735,0,266,13,1,2,1,347,7,2,0
1736,1,63,8,3,1,4,104,7,1,1
1737,0,49,10,3,1,4,257,6,3,1
1738,0,254,1,3,2,1,275,9,0,0
1739,0,148,4,1,1,1,243,3,2,0
1740,0,324,4,3,1,3,86,6,3,0
1741,1,303,7,3,1,1,225,9,0,0
1742,1,275,11,2,2,4,333,5,3,0
1743,1,356,7,2,2,2,162,5,1,0
1744,0,171,13,1,1,1,163,1,2,0
1745,1,200,11,2,2,3,304,7,1,0
1746,1,323,8,2,2,3,228,7,4,0
1747,1,34,11,3,1,3,175,6,2,1
1748,0,215,5,3,2,2,200,8,1,0
1749,0,64,7,2,0,1,184,7,2,1
1750,0,7,8,2,2,1,84,8,0,1
1751,1,300,9,2,0,1,253,8,2,0
1752,1,342,3,1,1,2,159,5,2,0
1753,1,331,3,1,2,2,64,1,0,0
1754,0,75,4,1,1,4,78,6,1,1
1755,0,173,5,2,1,3,229,2,2,0
1756,1,46,10,2,1,3,333,6,3,1
1757,0,14,1,1,1,1,313,8,2,1
1758,0,360,7,1,1,2,180,9,1,0
1759,0,146,9,2,2,2,91,9,0,1
1760,0,25,8,3,0,1,208,1,1,1
1761,1,307,5,1,2,1,325,5,4,0
1762,0,92,4,2,2,4,96,5,2,1
1763,0,231,12,2,2,3,236,8,2,0
1764,0,20,7,3,2,3,72,8,0,1
1765,0,306,5,2,0,3,242,4,2,0
1766,1,37,7,2,2,4,204,4,3,1
1767,1,275,12,1,1,1,324,8,3,0
1768,0,156,1,1,2,1,147,7,1,0
1769,0,178,1,3,2,3,105,6,0,1
1770,0,131,10,3,0,3,178,7,4,1
1771,0,310,13,2,0,4,78,5,1,0
1772,0,347,3,1,1,2,279,2,0,0
1773,0,27,11,3,2,2,292,6,0,1
1774,1,259,2,3,2,3,153,7,1,0
1775,0,75,2,3,2,4,310,7,1,1
1776,1,66,7,2,1,3,309,0,2,1
1777,1,341,12,1,0,2,341,6,4,0
1778,0,193,10,3,1,3,291,2,3,0
1779,1,161,2,1,2,2,105,1,2,1
1780,1,346,11,3,0,2,105,1,0,0
1781,1,360,4,3,0,2,73,7,4,0
1782,1,256,2,1,1,1,144,8,4,0
1783,1,71,6,1,0,1,62,2,1,1
1784,1,86,8,1,0,3,87,2,4,1
1785,0,261,10,2,2,2,216,5,4,0
1786,1,213,4,3,2,1,234,9,0,0
1787,1,152,5,2,0,3,173,0,2,1
1788,1,209,4,1,0,3,309,5,4,0
1789,0,60,3,3,1,3,118,2,1,1
1790,1,267,5,2,1,3,262,3,2,0
1791,0,261,9,3,0,3,298,8,1,0
1792,1,217,8,2,2,4,293,2,4,0
1793,0,282,8,1,0,2,154,0,2,0
1794,0,135,8,2,0,3,200,2,4,1
1795,1,361,12,3,2,4,172,6,0,0
1796,1,92,8,3,2,2,168,6,2,1
1797,0,108,7,3,1,1,348,4,1,0
1798,1,240,8,3,1,3,156,0,0,0
1799,0,354,11,1,1,4,75,7,3,0
1800,0,141,8,2,1,1,103,9,1,1
1801,0,290,13,1,2,4,289,7,4,0
1802,0,236,8,1,0,2,167,9,1,0
1803,0,339,12,1,1,2,276,9,3,0
1804,1,311,10,3,1,1,319,9,1,0
1805,0,176,7,3,2,4,255,1,0,0
1806,0,140,12,3,2,3,154,9,1,1
1807,1,188,1,2,0,3,115,2,2,1
1808,0,48,4,3,0,1,91,3,3,1
1809,1,301,13,2,2,1,290,0,1,0
1810,1,189,13,3,1,1,68,3,3,1
1811,1,135,4,3,1,4,250,4,0,1
1812,0,42,5,1,1,3,259,2,2,1
1813,0,352,10,1,0,3,220,9,4,0
1814,0,89,6,1,1,3,146,1,1,1
1815,1,294,4,2,1,1,80,5,0,0
1816,0,340,2,2,2,3,135,7,3,0
1817,1,244,6,3,1,2,200,6,3,0
1818,0,191,8,2,2,1,185,0,0,0
1819,1,317,8,3,1,3,310,3,1,0
1820,0,105,7,2,0,4,143,2,4,1
1821,0,362,6,2,1,1,107,5,1,0
1822,0,309,2,2,1,2,137,8,2,0
1823,1,232,7,1,2,2,89,8,1,0
1824,1,264,11,2,2,4,344,6,2,0
1825,0,343,12,1,2,4,195,8,3,0
1826,0,36,5,1,1,1,199,7,2,1
1827,1,304,6,2,1,1,100,4,4,0
1828,1,40,10,3,0,2,341,8,0,1
1829,1,16,8,3,1,4,109,6,2,1
1830,0,343,8,3,0,1,317,4,1,0
1831,1,276,3,2,2,2,329,7,2,0
1832,0,306,12,3,2,4,193,6,3,0
1833,1,58,12,1,2,2,293,8,2,1
1834,0,182,7,3,0,3,187,9,4,1
1835,1,40,1,2,1,4,163,0,2,1
1836,1,38,1,3,2,1,313,8,4,1
1837,1,191,7,1,1,1,154,6,1,0
1838,1,266,10,2,1,3,276,0,3,0
1839,1,146,9,3,2,4,120,0,0,1
1840,0,332,7,2,0,2,327,4,1,0
1841,1,126,10,2,1,1,300,7,1,0
1842,1,45,5,2,2,3,72,8,0,1
1843,1,44,8,3,1,3,206,5,2,1
1844,0,0,2,2,1,4,299,9,2,1
1845,1,167,9,3,1,4,148,7,2,1
1846,0,107,6,1,1,1,154,5,3,1
1847,1,18,13,3,1,3,84,5,1,1
1848,1,331,9,1,0,2,331,3,4,0
1849,0,71,2,3,0,3,225,4,0,1
1850,1,108,3,2,2,2,309,1,1,0
1851,0,267,12,3,0,2,146,2,2,0
1852,0,239,8,2,0,1,201,2,0,0
1853,1,300,1,1,0,3,193,4,4,0
1854,0,89,10,3,1,2,338,4,1,0
1855,1,102,7,2,1,4,185,5,1,1
1856,1,249,7,1,2,2,200,4,3,0
1857,0,7,13,1,2,4,162,5,1,1
1858,0,152,1,3,2,4,285,7,1,1
1859,0,346,9,1,1,3,122,1,4,0
1860,0,173,8,2,0,4,313,3,4,0
1861,1,342,4,1,0,2,239,5,0,0
1862,1,157,10,1,1,4,99,4,2,1
1863,0,214,11,2,2,3,323,0,4,0
1864,1,176,5,1,2,1,248,8,0,0
1865,1,174,2,1,2,2,67,2,1,1
1866,1,339,13,1,1,2,163,1,0,0
1867,1,337,9,1,2,3,284,8,0,0
1868,0,145,12,2,2,3,93,6,0,1
1869,0,323,12,1,1,3,295,4,0,0
1870,1,160,6,2,0,3,287,5,4,0
1871,0,126,3,1,1,2,247,3,2,0
1872,0,81,12,1,1,1,81,0,0,1
1873,0,146,7,1,1,4,99,3,3,1
1874,1,238,9,1,1,4,232,8,1,0
1875,1,83,3,2,0,1,238,0,1,0
1876,1,112,2,2,2,1,145,9,1,1
1877,0,224,7,2,1,1,192,2,1,0
1878,1,331,7,3,0,3,72,4,1,0
1879,1,242,4,1,2,2,87,6,0,0
1880,0,142,11,1,2,2,143,8,2,1
1881,1,40,9,2,2,2,339,5,3,1
1882,1,257,8,3,1,3,322,2,4,0
1883,0,284,13,1,1,2,225,6,3,0
1884,0,104,13,2,2,3,127,3,4,1
1885,0,201,1,1,2,2,285,2,4,0
1886,1,306,1,1,2,1,229,6,3,0
1887,1,330,5,2,2,4,145,6,0,0
1888,1,265,6,2,2,4,192,3,1,0
1889,0,209,3,1,2,3,237,6,0,0
1890,0,50,13,1,0,2,311,1,1,0
1891,1,117,9,2,2,4,74,0,2,1
1892,1,200,12,1,1,1,282,1,4,0
1893,0,38,10,1,1,1,260,3,3,1
1894,0,27,6,2,1,1,166,7,2,1
1895,0,258,4,1,2,3,309,2,1,0
1896,0,83,12,1,1,3,148,9,0,1
1897,1,154,7,3,0,2,184,5,3,1
1898,0,116,8,2,2,1,172,5,4,1
1899,1,1,9,3,1,2,196,8,2,1
1900,1,92,13,3,0,2,306,8,4,1
1901,1,165,11,3,0,1,225,3,1,0
1902,0,349,6,1,1,2,209,8,4,0
1903,0,295,6,1,0,4,127,5,0,0
1904,0,257,8,3,1,3,280,1,2,0
1905,0,80,12,3,0,2,330,9,2,0
1906,1,267,5,3,2,1,79,5,0,0
1907,0,234,3,1,2,3,348,1,4,0
1908,0,320,12,3,2,3,159,7,0,0
1909,1,310,3,3,2,2,311,3,3,0
1910,0,300,13,2,2,4,136,4,0,0
1911,1,356,6,2,1,2,194,7,4,0
1912,1,212,2,1,2,4,232,7,0,0
1913,1,61,6,2,2,3,260,5,1,1
1914,1,48,13,2,2,2,276,3,0,1
1915,1,126,6,2,2,1,267,0,0,0
1916,1,222,8,1,0,2,133,6,4,0
1917,1,278,7,2,2,4,70,7,3,1
1918,1,293,8,1,2,4,346,8,3,0
1919,0,283,9,3,1,2,315,1,4,0
1920,0,276,6,2,0,4,71,0,4,1
1921,0,106,3,1,1,3,137,3,4,1
1922,0,145,10,2,2,2,231,4,1,0
1923,1,98,3,3,1,4,155,9,2,1
1924,0,72,11,1,1,2,332,0,0,0
1925,1,121,12,1,2,2,238,4,4,0
1926,0,29,1,1,0,1,123,5,4,1
1927,0,187,11,3,0,2,191,2,4,0
1928,0,363,13,3,1,1,331,6,3,0
1929,1,353,5,3,2,4,168,5,4,0
1930,0,287,4,1,1,1,332,3,0,0
1931,1,194,9,3,1,1,227,2,4,0
1932,1,155,9,2,1,1,239,4,0,0
1933,0,171,5,3,2,3,117,2,1,1
1934,0,334,10,1,2,1,138,9,2,0
1935,0,40,4,2,0,2,120,8,3,1
1936,1,62,7,3,2,1,180,8,0,1
1937,0,22,6,2,1,2,266,5,1,1
1938,1,359,4,2,1,1,93,5,2,0
1939,1,74,13,1,0,3,129,3,2,1
1940,0,47,13,2,2,4,76,3,2,1
1941,0,159,10,2,1,1,79,1,0,1
1942,1,312,2,1,0,1,128,9,1,0
1943,1,117,1,1,0,3,274,3,4,1
1944,1,99,4,1,1,1,220,7,1,0
1945,0,166,4,2,1,2,161,9,1,1
1946,1,289,13,2,2,1,265,1,1,0
1947,0,155,1,2,0,1,204,8,0,0
1948,1,6,6,1,1,4,116,0,0,1
1949,1,195,4,3,0,4,142,1,0,1
1950,0,55,1,2,2,1,328,1,1,0
1951,1,320,1,3,1,3,246,5,0,0
1952,0,192,13,1,2,4,65,6,2,1
1953,0,46,1,2,0,1,169,2,0,1
1954,1,147,8,3,2,4,197,8,3,1
1955,0,274,10,2,2,1,110,4,0,0
1956,0,156,8,2,0,4,110,4,0,1
1957,1,201,2,2,2,4,146,3,0,1
1958,0,125,11,3,0,2,127,8,0,1
1959,0,304,13,1,1,1,143,7,3,0
1960,0,293,7,2,0,1,101,3,4,0
1961,1,63,8,1,0,1,278,3,0,0
1962,0,324,8,1,1,1,116,1,2,0
1963,1,175,11,3,0,4,285,8,3,0
1964,1,115,10,3,1,2,255,2,4,0
1965,0,203,11,1,1,2,307,3,0,0
1966,0,320,13,2,0,3,225,6,4,0
1967,0,30,7,3,2,1,121,9,2,1
1968,1,112,5,2,2,3,322,7,3,0
1969,0,364,1,2,1,4,171,7,3,0
1970,0,324,12,2,2,3,312,3,4,0
1971,0,343,9,1,2,1,258,6,0,0
1972,0,66,13,2,0,2,237,9,1,1
1973,0,74,7,1,1,2,85,0,3,1
1974,1,44,2,1,1,1,305,5,1,0
1975,1,259,6,2,0,4,78,5,3,1
1976,0,153,2,2,2,1,324,5,0,0
1977,0,154,1,2,1,4,79,1,0,1
1978,0,362,7,2,2,2,165,7,3,0
1979,0,233,13,1,1,4,296,4,4,0
1980,1,50,2,2,1,1,305,4,0,0
1981,0,305,13,2,1,1,140,1,0,0
1982,1,261,2,1,1,1,209,3,2,0
1983,1,314,13,3,2,4,69,8,0,0
1984,0,124,11,3,2,4,283,8,2,1
1985,1,244,5,1,2,4,323,5,0,0
1986,1,29,5,3,2,2,208,8,0,1
1987,1,121,7,1,0,3,337,3,4,0
1988,1,124,1,2,1,3,333,0,4,0
1989,0,36,8,2,1,1,253,1,0,1
1990,0,169,3,3,1,2,231,0,3,0
1991,1,123,4,2,0,4,324,7,3,1
1992,0,356,9,3,2,1,85,8,0,0
1993,0,34,4,3,1,2,85,9,3,1
1994,0,86,10,2,2,1,93,5,0,1
1995,0,133,12,2,2,2,323,1,4,0
1996,0,195,5,3,0,2,197,5,1,0
1997,1,273,7,2,0,3,242,8,2,0
1998,0,200,4,1,2,1,301,2,3,0
1999,0,284,1,2,1,4,113,8,3,0
2000,0,76,9,2,1,3,227,1,4,1
